time_start,time_end,speakerId,convId,word,langId,posTag,word_length,concretenessRating,position_of_word,isCognate,subtlex_freq_per_million,ipa_word,length_in_phonemes_ipa,uttId
5500,11323,MAR,maria2,i,eng,PRON,1,-1.0,1,0,39971.15686,aj,2,0
5500,11323,MAR,maria2,saw,eng,VERB,3,4.46,2,0,402.4901961,sɔ,2,0
5500,11323,MAR,maria2,that,eng,SCONJ,4,1.54,3,0,14111.31373,ðæt,3,0
5500,11323,MAR,maria2,we,eng,PRON,2,3.08,4,0,9011.901961,wi,2,0
5500,11323,MAR,maria2,have,eng,VERB,4,2.18,5,0,6161.411765,hæv,3,0
5500,11323,MAR,maria2,some,eng,DET,4,2.48,6,0,1727.235294,sʌm,3,0
5500,11323,MAR,maria2,proposal,eng,NOUN,8,2.75,7,0,8.784313725,pɹəpowzəl,9,0
5500,11323,MAR,maria2,due,eng,ADJ,3,3.21,8,0,44.60784314,du,2,0
5500,11323,MAR,maria2,on,eng,ADP,2,3.25,10,1,6955.72549,ɑn,2,0
5500,11323,MAR,maria2,the,eng,DET,3,1.43,11,0,29449.17647,ðə,2,0
5500,11323,MAR,maria2,tenth,eng,NOUN,5,3.07,12,0,4.156862745,tɛnθ,4,0
12020,13349,MAR,maria2,are,eng,AUX,3,1.96,1,0,5209.254902,ɑɹ,2,1
12020,13349,MAR,maria2,you,eng,PRON,3,4.11,2,0,41857.11765,ju,2,1
12020,13349,MAR,maria2,gon+,eng,VERB,3,2.69,3,0,1996.156863,ɡɑn,3,1
12020,13349,MAR,maria2,na,eng,PART,2,1.55,4,0,1996.156863,nɑ,2,1
12020,13349,MAR,maria2,want,eng,VERB,4,1.93,5,0,2759.176471,wɑnt,4,1
12020,13349,MAR,maria2,me,eng,PRON,2,4.33,6,0,9241.941176,mi,2,1
12020,13349,MAR,maria2,to,eng,PART,2,1.55,7,0,22677.84314,tə,2,1
12020,13349,MAR,maria2,review,eng,VERB,6,2.81,8,1,14.80392157,ɹivju,5,1
12020,13349,MAR,maria2,it,eng,PRON,2,2.81,9,0,18896.31373,ɪt,2,1
14394,14986,MAR,maria2,ok,shared_other,INTJ,2,2.11,1,0,508.3921569,owkej,5,2
16240,16606,MAR,maria2,ok,shared_other,INTJ,2,2.11,1,0,508.3921569,owkej,5,3
16820,18623,MAR,maria2,are,eng,VERB,3,1.96,1,0,5209.254902,ɑɹ,2,4
16820,18623,MAR,maria2,you,eng,PRON,3,4.11,2,0,41857.11765,ju,2,4
16820,18623,MAR,maria2,sure,eng,ADJ,4,1.73,3,0,1099.823529,ʃʊɹ,3,4
16820,18623,MAR,maria2,you,eng,PRON,3,4.11,4,0,41857.11765,ju,2,4
16820,18623,MAR,maria2,do,eng,AUX,2,2.46,5,0,6135.588235,du,2,4
16820,18623,MAR,maria2,n't,eng,PART,2,-1.0,6,0,-1.0,nt,2,4
16820,18623,MAR,maria2,wan+,eng,VERB,3,1.93,7,0,505.8039216,wɑn,3,4
16820,18623,MAR,maria2,na,eng,ADP,2,1.55,8,0,505.8039216,nɑ,2,4
16820,18623,MAR,maria2,me,eng,PRON,2,4.33,9,0,9241.941176,mi,2,4
16820,18623,MAR,maria2,to,eng,ADP,2,1.55,10,0,22677.84314,tə,2,4
19697,21143,MAR,maria2,who,eng,PRON,3,1.74,1,0,2222.941176,hu,2,5
19697,21143,MAR,maria2,oh,shared_other,INTJ,2,1.48,2,0,3289.823529,ow,2,5
19697,21143,MAR,maria2,really,eng,ADV,6,1.44,4,1,1500.156863,ɹɪli,4,5
19697,21143,MAR,maria2,how,eng,ADV,3,1.35,5,0,3056.215686,haw,3,5
19697,21143,MAR,maria2,come,eng,VERB,4,2.72,6,0,3140.980392,kʌm,3,5
23045,23962,MAR,maria2,oh,shared_other,INTJ,2,1.48,1,0,3289.823529,ow,2,6
23045,23962,MAR,maria2,for,eng,ADP,3,1.63,2,0,6895.098039,fɔɹ,3,6
23045,23962,MAR,maria2,hospital,eng,NOUN,8,4.64,3,1,124.1960784,hɑspɪtəl,8,6
24290,25509,MAR,maria2,oh,shared_other,INTJ,2,1.48,1,0,3289.823529,ow,2,7
30367,31511,MAR,maria2,oh,shared_other,INTJ,2,1.48,1,0,3289.823529,ow,2,8
36240,38417,MAR,maria2,so,eng,INTJ,2,1.42,1,0,4244.156863,sow,3,9
36240,38417,MAR,maria2,are,eng,AUX,3,1.96,2,0,5209.254902,ɑɹ,2,9
36240,38417,MAR,maria2,we,eng,PRON,2,3.08,3,0,9011.901961,wi,2,9
36240,38417,MAR,maria2,doing,eng,VERB,5,2.66,4,0,1029.254902,duɪŋ,4,9
36240,38417,MAR,maria2,it,eng,PRON,2,2.81,5,0,18896.31373,ɪt,2,9
36240,38417,MAR,maria2,as,eng,SCONJ,2,1.33,6,0,2217.019608,æz,2,9
36240,38417,MAR,maria2,a,eng,DET,1,1.46,7,0,20415.27451,ə,1,9
36240,38417,MAR,maria2,joint,eng,NOUN,5,4.37,8,1,27.54901961,d͡ʒojnt,7,9
36240,38417,MAR,maria2,venture,eng,NOUN,7,2.6,9,1,4.725490196,vɛnt͡ʃɹ̩,8,9
36240,38417,MAR,maria2,or,eng,CONJ,2,1.72,10,1,1705.294118,ɔɹ,2,9
43115,44404,MAR,maria2,bueno,spa,INTJ,5,-1.0,1,0,2456.995192,bweno,5,10
43115,44404,MAR,maria2,ok,shared_other,INTJ,2,2.11,2,0,508.3921569,owkej,5,10
44868,46813,MAR,maria2,and,eng,CONJ,3,1.52,1,0,13387.84314,ænd,3,11
44868,46813,MAR,maria2,this,eng,PRON,4,2.14,2,0,7978.72549,ðɪs,3,11
44868,46813,MAR,maria2,is,eng,VERB,2,1.59,3,0,9013.0,ɪz,2,11
44868,46813,MAR,maria2,for,eng,ADP,3,1.63,4,0,6895.098039,fɔɹ,3,11
44868,46813,MAR,maria2,m_d_c_p_s,shared_other,PROPN,9,-1.0,5,0,-1.0,ɛm_di_si_pi_ɛs,14,11
47614,47956,MAR,maria2,ok,shared_other,INTJ,2,2.11,1,0,508.3921569,owkej,5,12
49274,52244,MAR,maria2,do,eng,AUX,2,2.46,1,0,6135.588235,du,2,13
49274,52244,MAR,maria2,you,eng,PRON,3,4.11,2,0,41857.11765,ju,2,13
49274,52244,MAR,maria2,do,eng,AUX,2,2.46,5,0,6135.588235,du,2,13
49274,52244,MAR,maria2,you,eng,PRON,3,4.11,6,0,41857.11765,ju,2,13
49274,52244,MAR,maria2,want,eng,VERB,4,1.93,7,0,2759.176471,wɑnt,4,13
49274,52244,MAR,maria2,me,eng,PRON,2,4.33,8,0,9241.941176,mi,2,13
49274,52244,MAR,maria2,to,eng,PART,2,1.55,9,0,22677.84314,tə,2,13
49274,52244,MAR,maria2,look,eng,VERB,4,2.96,10,0,1947.27451,lʊk,3,13
49274,52244,MAR,maria2,at,eng,ADP,2,2.07,11,0,3217.098039,æt,2,13
49274,52244,MAR,maria2,it,eng,PRON,2,2.81,12,0,18896.31373,ɪt,2,13
49274,52244,MAR,maria2,for,eng,ADP,3,1.63,13,0,6895.098039,fɔɹ,3,13
49274,52244,MAR,maria2,a,eng,DET,1,1.46,14,0,20415.27451,ə,1,13
49274,52244,MAR,maria2,while,eng,NOUN,5,1.55,15,0,349.4313725,wajl,4,13
49274,52244,MAR,maria2,or,eng,CONJ,2,1.72,16,1,1705.294118,ɔɹ,2,13
49274,52244,MAR,maria2,not,eng,PART,3,2.08,17,1,5424.960784,nɑt,3,13
53271,56295,MAR,maria2,no,spa,ADV,2,-1.0,1,1,30664.78365,no,2,14
53271,56295,MAR,maria2,te,spa,PRON,2,-1.0,2,1,8240.192308,te,2,14
53271,56295,MAR,maria2,sientes,spa,VERB,7,-1.0,3,0,140.5048077,sjentes,7,14
53271,56295,MAR,maria2,comoda,spa,ADJ,6,-1.0,4,0,18.26923077,komoda,6,14
53271,56295,MAR,maria2,de,spa,ADP,2,-1.0,5,0,32894.6875,de,2,14
53271,56295,MAR,maria2,ensenarmelo,spa,VERB,11,-1.0,6,0,0.096153846,ensenaɾmelo,11,14
53271,56295,MAR,maria2,me,spa,PRON,2,-1.0,7,0,9838.629808,me,2,14
53271,56295,MAR,maria2,to,eng,PART,2,1.55,8,0,22677.84314,tə,2,14
53271,56295,MAR,maria2,showing,eng,VERB,7,3.06,9,0,31.11764706,ʃowɪŋ,5,14
53271,56295,MAR,maria2,it,eng,PRON,2,2.81,10,0,18896.31373,ɪt,2,14
53271,56295,MAR,maria2,to,eng,ADP,2,1.55,11,0,22677.84314,tə,2,14
53271,56295,MAR,maria2,me,eng,PRON,2,4.33,12,0,9241.941176,mi,2,14
56276,59306,MAR,maria2,ok,shared_other,INTJ,2,2.11,1,0,508.3921569,owkej,5,15
56276,59306,MAR,maria2,no,spa,ADV,2,-1.0,2,1,30664.78365,no,2,15
56276,59306,MAR,maria2,me,spa,PRON,2,-1.0,3,0,9838.629808,me,2,15
56276,59306,MAR,maria2,lo,spa,PRON,2,-1.0,4,0,14864.56731,lo,2,15
56276,59306,MAR,maria2,ensenes,spa,VERB,7,-1.0,5,0,1.682692308,ensenes,7,15
56276,59306,MAR,maria2,en,spa,ADP,2,-1.0,6,1,15578.00481,en,2,15
56276,59306,MAR,maria2,dos,spa,NUM,3,-1.0,7,0,1312.644231,dos,3,15
56276,59306,MAR,maria2,horas,spa,NOUN,5,-1.0,8,0,313.7019231,oɾas,4,15
56276,59306,MAR,maria2,antes,spa,ADV,5,-1.0,9,0,925.2403846,antes,5,15
56276,59306,MAR,maria2,de,spa,ADP,2,-1.0,10,0,32894.6875,de,2,15
56276,59306,MAR,maria2,due,eng,ADJ,3,3.21,11,0,44.60784314,du,2,15
59157,60260,MAR,maria2,when,eng,ADV,4,1.6,1,0,2034.098039,wɛn,3,16
59157,60260,MAR,maria2,is,eng,VERB,2,1.59,2,0,9013.0,ɪz,2,16
59157,60260,MAR,maria2,the,eng,DET,3,1.43,3,0,29449.17647,ðə,2,16
59157,60260,MAR,maria2,tenth,eng,NOUN,5,3.07,4,0,4.156862745,tɛnθ,4,16
60835,62430,MAR,maria2,chica,spa,NOUN,5,-1.0,1,0,388.2451923,t͡ʃika,6,17
60835,62430,MAR,maria2,te,spa,PRON,2,-1.0,2,1,8240.192308,te,2,17
60835,62430,MAR,maria2,hace,spa,VERB,4,-1.0,3,0,1202.043269,ase,3,17
60835,62430,MAR,maria2,falta,spa,NOUN,5,-1.0,4,1,148.7980769,falta,5,17
60835,62430,MAR,maria2,un,spa,DET,2,-1.0,5,0,13081.08173,un,2,17
60835,62430,MAR,maria2,new,eng,ADJ,3,2.81,6,0,723.7843137,nu,2,17
60835,62430,MAR,maria2,calendar,eng,NOUN,8,4.62,7,1,7.117647059,kæləndɹ̩,8,17
68817,69943,MAR,maria2,es,spa,VERB,2,-1.0,1,0,16779.42308,es,2,18
68817,69943,MAR,maria2,el,spa,DET,2,-1.0,2,0,17044.63942,el,2,18
68817,69943,MAR,maria2,lunes,spa,NOUN,5,-1.0,3,0,42.64423077,lunes,5,18
69920,70915,MAR,maria2,thursday,eng,PROPN,8,3.03,1,0,24.15686275,θɹ̩zdi,6,19
69920,70915,MAR,maria2,next,eng,ADJ,4,2.56,3,0,452.745098,nɛkst,5,19
69920,70915,MAR,maria2,thursday,eng,PROPN,8,3.03,4,0,24.15686275,θɹ̩zdi,6,19
70983,71627,MAR,maria2,ok,shared_other,INTJ,2,2.11,1,0,508.3921569,owkej,5,20
71739,74864,MAR,maria2,ok,shared_other,INTJ,2,2.11,1,0,508.3921569,owkej,5,21
71739,74864,MAR,maria2,because,eng,SCONJ,7,1.22,2,0,1071.019608,bɪkɔz,5,21
71739,74864,MAR,maria2,i,eng,PRON,1,-1.0,3,0,39971.15686,aj,2,21
75351,77812,MAR,maria2,ok,shared_other,INTJ,2,2.11,1,0,508.3921569,owkej,5,22
75351,77812,MAR,maria2,because,eng,SCONJ,7,1.22,2,0,1071.019608,bɪkɔz,5,22
75351,77812,MAR,maria2,i,eng,PRON,1,-1.0,3,0,39971.15686,aj,2,22
75351,77812,MAR,maria2,'m,eng,AUX,1,-1.0,4,0,-1.0,m,1,22
75351,77812,MAR,maria2,i,eng,PRON,1,-1.0,5,0,39971.15686,aj,2,22
75351,77812,MAR,maria2,'m,eng,AUX,1,-1.0,6,0,-1.0,m,1,22
75351,77812,MAR,maria2,barely,eng,ADV,6,1.71,7,0,29.05882353,bɛɹli,5,22
75351,77812,MAR,maria2,gon+,eng,VERB,3,2.69,8,0,1996.156863,ɡɑn,3,22
75351,77812,MAR,maria2,na,eng,PART,2,1.55,9,0,1996.156863,nɑ,2,22
75351,77812,MAR,maria2,take,eng,VERB,4,3.06,10,0,1891.039216,tejk,4,22
78013,79227,MAR,maria2,my,eng,DET,2,2.42,1,1,6762.72549,maj,3,23
78013,79227,MAR,maria2,brother,eng,NOUN,7,4.43,2,0,283.9411765,bɹʌðɹ̩,6,23
78013,79227,MAR,maria2,is,eng,VERB,2,1.59,3,0,9013.0,ɪz,2,23
78013,79227,MAR,maria2,in,eng,ADP,2,3.0,4,1,9773.411765,ɪn,2,23
78013,79227,MAR,maria2,town,eng,NOUN,4,4.64,5,0,247.9215686,tawn,4,23
79947,82141,MAR,maria2,and,eng,CONJ,3,1.52,1,0,13387.84314,ænd,3,24
79947,82141,MAR,maria2,so,eng,SCONJ,2,1.42,2,0,4244.156863,sow,3,24
79947,82141,MAR,maria2,i,eng,PRON,1,-1.0,3,0,39971.15686,aj,2,24
79947,82141,MAR,maria2,'m,eng,AUX,1,-1.0,4,0,-1.0,m,1,24
79947,82141,MAR,maria2,probably,eng,ADV,8,1.73,5,0,280.8431373,pɹɑbəbli,8,24
79947,82141,MAR,maria2,gon+,eng,VERB,3,2.69,6,0,1996.156863,ɡɑn,3,24
79947,82141,MAR,maria2,na,eng,PART,2,1.55,7,0,1996.156863,nɑ,2,24
79947,82141,MAR,maria2,take,eng,VERB,4,3.06,8,0,1891.039216,tejk,4,24
79947,82141,MAR,maria2,one,eng,NUM,3,3.97,9,1,3072.235294,wʌn,3,24
79947,82141,MAR,maria2,day,eng,NOUN,3,3.92,10,1,801.8235294,dej,3,24
79947,82141,MAR,maria2,off,eng,ADP,3,2.79,11,0,1179.509804,ɔf,2,24
79947,82141,MAR,maria2,next,eng,ADJ,4,2.56,12,0,452.745098,nɛkst,5,24
79947,82141,MAR,maria2,week,eng,NOUN,4,3.48,13,0,238.5098039,wik,3,24
82338,84160,MAR,maria2,so,eng,INTJ,2,1.42,1,0,4244.156863,sow,3,25
82338,84160,MAR,maria2,it,eng,PRON,2,2.81,2,0,18896.31373,ɪt,2,25
82338,84160,MAR,maria2,may,eng,AUX,3,3.0,3,1,511.372549,mej,3,25
82338,84160,MAR,maria2,be,eng,VERB,2,1.85,4,0,5746.764706,bi,2,25
82338,84160,MAR,maria2,thursday,eng,PROPN,8,3.03,5,0,24.15686275,θɹ̩zdi,6,25
82338,84160,MAR,maria2,so,eng,SCONJ,2,1.42,6,0,4244.156863,sow,3,25
92566,92955,MAR,maria2,right,eng,ADJ,5,3.47,1,0,4008.392157,ɹajt,4,26
95626,95899,MAR,maria2,right,eng,INTJ,5,3.47,1,0,4008.392157,ɹajt,4,27
98755,99202,MAR,maria2,mmhm,shared_other,INTJ,4,-1.0,1,0,-1.0,mm,2,28
101336,102340,MAR,maria2,mmhm,shared_other,INTJ,4,-1.0,1,0,-1.0,mm,2,29
