time_start,time_end,speakerId,convId,word,langId,posTag,word_length,concretenessRating,position_of_word,isCognate,subtlex_freq_per_million,ipa_word,length_in_phonemes_ipa,uttId
801,1295,MAR,maria7,which,eng,DET,5,1.54,1,0,477.2352941,wɪt͡ʃ,5,0
801,1295,MAR,maria7,movie,eng,NOUN,5,4.59,2,0,122.9607843,muvi,4,0
20419,21446,MAR,maria7,good,eng,ADJ,4,1.64,1,0,2610.137255,ɡʊd,3,1
20419,21446,MAR,maria7,morning,eng,NOUN,7,3.44,2,0,439.0,mɔɹnɪŋ,6,1
20419,21446,MAR,maria7,susan,shared_en,PROPN,5,-1.0,3,0,35.98039216,suzən,5,1
21336,21754,MAR,maria7,it,eng,PRON,2,2.81,1,0,18896.31373,ɪt,2,2
21336,21754,MAR,maria7,'s,eng,VERB,1,-1.0,2,0,-1.0,z,1,2
21336,21754,MAR,maria7,maria,shared_es,PROPN,5,-1.0,3,0,22.62745098,mɹ̩iə,5,2
21377,21743,MAR,maria7,how,eng,ADV,3,1.35,1,0,3056.215686,haw,3,3
21377,21743,MAR,maria7,are,eng,VERB,3,1.96,2,0,5209.254902,ɑɹ,2,3
21377,21743,MAR,maria7,you,eng,PRON,3,4.11,3,0,41857.11765,ju,2,3
23050,23433,MAR,maria7,good,eng,ADJ,4,1.64,1,0,2610.137255,ɡʊd,3,4
23050,23433,MAR,maria7,good,eng,ADJ,4,1.64,2,0,2610.137255,ɡʊd,3,4
23471,24057,MAR,maria7,is,eng,VERB,2,1.59,1,0,9013.0,ɪz,2,5
23471,24057,MAR,maria7,tom,shared_other,PROPN,3,3.96,2,0,109.5686275,tɑm,3,5
23471,24057,MAR,maria7,there,eng,ADV,5,2.2,3,0,4348.117647,ðɛɹ,3,5
25265,25596,MAR,maria7,thanks,eng,INTJ,6,2.15,1,0,623.3137255,θæŋks,5,6
32910,34678,MAR,maria7,buenos,spa,ADJ,6,-1.0,1,0,232.0192308,bwenos,6,7
32910,34678,MAR,maria7,dias,spa,NOUN,4,-1.0,2,0,529.3269231,djas,4,7
32910,34678,MAR,maria7,mister,shared_en,NOUN,6,3.15,3,0,45.60784314,mɪstɹ̩,6,7
32910,34678,MAR,maria7,garcia,shared_es,PROPN,6,-1.0,4,0,-1.0,ɡɑɹsiə,6,7
32910,34678,MAR,maria7,perez,shared_es,PROPN,5,-1.0,5,0,-1.0,pɛɹɛz,5,7
34661,36080,MAR,maria7,happy,eng,ADJ,5,2.56,1,0,333.1960784,hæpi,4,8
34661,36080,MAR,maria7,new,eng,ADJ,3,2.81,2,0,723.7843137,nu,2,8
34661,36080,MAR,maria7,year,eng,NOUN,4,3.25,3,0,277.9215686,jɪɹ,3,8
36097,36875,MAR,maria7,oh,shared_other,INTJ,2,1.48,1,0,3289.823529,ow,2,9
36869,39453,MAR,maria7,como,spa,ADV,4,-1.0,1,0,3595.841346,komo,4,10
36869,39453,MAR,maria7,la,spa,DET,2,-1.0,2,0,21060.21635,la,2,10
36869,39453,MAR,maria7,pasastes,spa,VERB,8,-1.0,3,0,-1.0,pasastes,8,10
39447,41763,MAR,maria7,you,eng,PRON,3,4.11,1,0,41857.11765,ju,2,11
39447,41763,MAR,maria7,have,eng,VERB,4,2.18,2,0,6161.411765,hæv,3,11
39447,41763,MAR,maria7,refreshing,eng,VERB,10,2.41,3,0,3.666666667,ɹɪfɹɛʃɪŋ,8,11
39447,41763,MAR,maria7,break,eng,NOUN,5,3.71,4,0,221.0784314,bɹejk,5,11
41763,44869,MAR,maria7,fuiste,spa,VERB,6,-1.0,1,0,140.1682692,fwiste,6,12
41763,44869,MAR,maria7,a,spa,ADP,1,-1.0,2,0,23214.78365,a,1,12
41763,44869,MAR,maria7,alguna,spa,DET,6,-1.0,3,0,452.5240385,alɡwna,6,12
41763,44869,MAR,maria7,parte,spa,NOUN,5,-1.0,4,1,509.2788462,paɾte,5,12
41763,44869,MAR,maria7,o,spa,CONJ,1,-1.0,5,1,2009.014423,o,1,12
41763,44869,MAR,maria7,no,spa,INTJ,2,-1.0,6,1,30664.78365,no,2,12
44846,50564,MAR,maria7,ah,shared_other,INTJ,2,-1.0,1,0,206.5686275,ɑ,1,13
50535,56044,MAR,maria7,aha,shared_en,INTJ,3,-1.0,1,0,7.058823529,ɑhɑ,3,14
55973,57308,MAR,maria7,no,eng,INTJ,2,2.45,1,1,5971.54902,now,3,15
61755,62144,MAR,maria7,um,shared_other,INTJ,2,-1.0,1,0,219.5490196,ʌm,2,16
63640,66125,MAR,maria7,ah,shared_other,INTJ,2,-1.0,1,0,206.5686275,ɑ,1,17
63640,66125,MAR,maria7,very,eng,ADV,4,1.43,2,0,1241.254902,vɛɹi,4,17
63640,66125,MAR,maria7,nice,eng,ADJ,4,2.18,3,0,649.5098039,najs,4,17
66102,66763,MAR,maria7,was,eng,VERB,3,1.69,1,0,5654.72549,wɑz,3,18
66102,66763,MAR,maria7,it,eng,PRON,2,2.81,2,0,18896.31373,ɪt,2,18
66102,66763,MAR,maria7,full,eng,ADJ,4,3.59,3,0,166.9019608,fʊl,3,18
66723,68035,MAR,maria7,eso,spa,PRON,3,-1.0,2,0,5017.596154,eso,3,19
66723,68035,MAR,maria7,no,spa,ADV,2,-1.0,3,1,30664.78365,no,2,19
66723,68035,MAR,maria7,esta,spa,VERB,4,-1.0,4,0,2200.192308,esta,4,19
66723,68035,MAR,maria7,lleno,spa,ADJ,5,-1.0,5,0,66.70673077,ʝeno,4,19
67978,73156,MAR,maria7,um,shared_other,INTJ,2,-1.0,1,0,219.5490196,ʌm,2,20
73137,75175,MAR,maria7,too,eng,ADV,3,1.7,1,0,1371.568627,tu,2,21
73137,75175,MAR,maria7,packed,eng,VERB,6,-1.0,2,0,17.7254902,pækt,4,21
75146,81271,MAR,maria7,porque,spa,SCONJ,6,-1.0,1,0,1683.846154,poɾke,5,22
75146,81271,MAR,maria7,yo,spa,PRON,2,-1.0,2,0,4513.533654,io,2,22
75146,81271,MAR,maria7,me,spa,PRON,2,-1.0,3,0,9838.629808,me,2,22
75146,81271,MAR,maria7,imaginaria,spa,VERB,10,-1.0,4,0,2.043269231,imaxinaɾja,10,22
75146,81271,MAR,maria7,que,spa,SCONJ,3,-1.0,5,0,33771.92308,ke,2,22
75146,81271,MAR,maria7,la,spa,DET,2,-1.0,6,0,21060.21635,la,2,22
75146,81271,MAR,maria7,epoca,spa,NOUN,5,-1.0,7,1,47.88461538,epoka,5,22
75146,81271,MAR,maria7,esa,spa,DET,3,-1.0,8,0,1276.322115,esa,3,22
75146,81271,MAR,maria7,de,spa,ADP,2,-1.0,9,0,32894.6875,de,2,22
75146,81271,MAR,maria7,de,spa,ADP,2,-1.0,11,0,32894.6875,de,2,22
75146,81271,MAR,maria7,despues,spa,ADV,7,-1.0,12,0,685.7692308,despwes,7,22
75146,81271,MAR,maria7,de,spa,ADP,2,-1.0,13,0,32894.6875,de,2,22
75146,81271,MAR,maria7,christmas,eng,PROPN,9,3.41,14,0,122.4313725,kɹɪsməs,7,22
75146,81271,MAR,maria7,estaria,spa,VERB,7,-1.0,15,0,118.9423077,estaɾja,7,22
75146,81271,MAR,maria7,que,spa,SCONJ,3,-1.0,16,0,33771.92308,ke,2,22
75146,81271,MAR,maria7,no,spa,ADV,2,-1.0,17,1,30664.78365,no,2,22
75146,81271,MAR,maria7,cabe,spa,VERB,4,-1.0,18,0,6.177884615,kabe,4,22
75146,81271,MAR,maria7,ni,spa,ADV,2,-1.0,19,0,969.2548077,ni,2,22
81266,92063,MAR,maria7,bueno,spa,INTJ,5,-1.0,1,0,2456.995192,bweno,5,23
81266,92063,MAR,maria7,juana,shared_es,PROPN,5,-1.0,2,0,-1.0,wɑnə,4,23
81266,92063,MAR,maria7,juana,shared_es,PROPN,5,-1.0,4,0,-1.0,wɑnə,4,23
81266,92063,MAR,maria7,dice,spa,VERB,4,-1.0,5,0,572.6201923,dise,4,23
81266,92063,MAR,maria7,que,spa,SCONJ,3,-1.0,6,0,33771.92308,ke,2,23
81266,92063,MAR,maria7,ella,spa,PRON,4,-1.0,7,0,1806.177885,eʝa,3,23
81266,92063,MAR,maria7,el,spa,DET,2,-1.0,8,0,17044.63942,el,2,23
81266,92063,MAR,maria7,ano,spa,NOUN,3,-1.0,9,0,4.807692308,ano,3,23
81266,92063,MAR,maria7,pasado,spa,ADJ,6,2.6,10,1,324.6153846,pasado,6,23
81266,92063,MAR,maria7,fue,spa,VERB,3,-1.0,11,0,2044.0625,fwe,3,23
81266,92063,MAR,maria7,a,spa,ADP,1,-1.0,12,0,23214.78365,a,1,23
81266,92063,MAR,maria7,disney,shared_other,PROPN,6,-1.0,13,0,2.549019608,dɪzni,5,23
81266,92063,MAR,maria7,antes,spa,ADV,5,-1.0,14,0,925.2403846,antes,5,23
81266,92063,MAR,maria7,de,spa,ADP,2,-1.0,15,0,32894.6875,de,2,23
81266,92063,MAR,maria7,christmas,eng,PROPN,9,3.41,16,0,122.4313725,kɹɪsməs,7,23
81266,92063,MAR,maria7,y,spa,CONJ,1,-1.0,17,0,16547.47596,i,1,23
81266,92063,MAR,maria7,que,spa,SCONJ,3,-1.0,18,0,33771.92308,ke,2,23
81266,92063,MAR,maria7,estaba,spa,VERB,6,-1.0,19,0,1392.115385,estaba,6,23
81266,92063,MAR,maria7,super,shared_other,ADV,5,-1.0,20,0,11.12980769,supeɾ,5,23
81266,92063,MAR,maria7,bien,spa,ADV,4,-1.0,21,0,5804.591346,bjen,4,23
81266,92063,MAR,maria7,porque,spa,SCONJ,6,-1.0,22,0,1683.846154,poɾke,5,23
81266,92063,MAR,maria7,no,spa,ADV,2,-1.0,23,1,30664.78365,no,2,23
81266,92063,MAR,maria7,habia,spa,VERB,5,-1.0,24,0,659.6394231,abja,4,23
81266,92063,MAR,maria7,nadie,spa,PRON,5,-1.0,25,0,797.9086538,nadje,5,23
93088,94812,MAR,maria7,like,eng,ADP,4,1.89,1,0,3998.960784,lajk,4,24
93088,94812,MAR,maria7,los,spa,DET,3,-1.0,2,0,7082.019231,los,3,24
93088,94812,MAR,maria7,dos,spa,NUM,3,-1.0,3,0,1312.644231,dos,3,24
93088,94812,MAR,maria7,tres,spa,NUM,4,-1.0,4,1,580.3365385,tɾes,4,24
93088,94812,MAR,maria7,dias,spa,NOUN,4,-1.0,5,0,529.3269231,djas,4,24
93088,94812,MAR,maria7,antes,spa,ADV,5,-1.0,6,0,925.2403846,antes,5,24
93088,94812,MAR,maria7,de,spa,ADP,2,-1.0,7,0,32894.6875,de,2,24
93088,94812,MAR,maria7,christmas,eng,PROPN,9,3.41,8,0,122.4313725,kɹɪsməs,7,24
94795,95700,MAR,maria7,y,spa,CONJ,1,-1.0,1,0,16547.47596,i,1,25
94795,95700,MAR,maria7,le,spa,PRON,2,-1.0,2,0,3339.038462,le,2,25
94795,95700,MAR,maria7,digo,spa,VERB,4,-1.0,3,0,411.9711538,diɡo,4,25
94795,95700,MAR,maria7,juana,shared_es,PROPN,5,-1.0,5,0,-1.0,wɑnə,4,25
94795,95700,MAR,maria7,tu,spa,PRON,2,-1.0,6,0,4002.692308,tu,2,25
94795,95700,MAR,maria7,estas,spa,VERB,5,-1.0,7,0,372.4278846,estas,5,25
94795,95700,MAR,maria7,loca,spa,ADJ,4,3.67,8,0,126.6826923,loka,4,25
95880,97457,MAR,maria7,me,spa,PRON,2,-1.0,1,0,9838.629808,me,2,26
95880,97457,MAR,maria7,dice,spa,VERB,4,-1.0,2,0,572.6201923,dise,4,26
95880,97457,MAR,maria7,no,spa,INTJ,2,-1.0,4,1,30664.78365,no,2,26
95880,97457,MAR,maria7,no,spa,ADV,2,-1.0,5,1,30664.78365,no,2,26
95880,97457,MAR,maria7,habia,spa,VERB,5,-1.0,6,0,659.6394231,abja,4,26
95880,97457,MAR,maria7,nadie,spa,PRON,5,-1.0,7,0,797.9086538,nadje,5,26
95880,97457,MAR,maria7,it,eng,PRON,2,2.81,8,0,18896.31373,ɪt,2,26
95880,97457,MAR,maria7,was,eng,VERB,3,1.69,9,0,5654.72549,wɑz,3,26
95880,97457,MAR,maria7,perfect,eng,ADJ,7,1.69,10,1,158.6470588,pɹ̩fəkt,7,26
97497,98861,MAR,maria7,so,eng,SCONJ,2,1.42,1,0,4244.156863,sow,3,27
97497,98861,MAR,maria7,you,eng,PRON,3,4.11,2,0,41857.11765,ju,2,27
97497,98861,MAR,maria7,never,eng,ADV,5,1.59,3,0,1362.54902,nɛvɹ̩,5,27
97497,98861,MAR,maria7,know,eng,VERB,4,1.68,4,0,5721.176471,now,3,27
98838,101375,MAR,maria7,right,eng,INTJ,5,3.47,1,0,4008.392157,ɹajt,4,28
101375,105705,MAR,maria7,so,eng,SCONJ,2,1.42,1,0,4244.156863,sow,3,29
101375,105705,MAR,maria7,eh,shared_other,INTJ,2,1.04,2,0,51.35294118,ɛ,1,29
101375,105705,MAR,maria7,me,spa,PRON,2,-1.0,3,0,9838.629808,me,2,29
101375,105705,MAR,maria7,llamo,spa,VERB,5,-1.0,4,0,134.1105769,ʝamo,4,29
101375,105705,MAR,maria7,mister,shared_en,NOUN,6,3.15,5,0,45.60784314,mɪstɹ̩,6,29
101375,105705,MAR,maria7,um,shared_other,INTJ,2,-1.0,6,0,219.5490196,ʌm,2,29
101375,105705,MAR,maria7,bowers,shared_other,PROPN,6,-1.0,7,0,1.176470588,bawɹ̩z,6,29
105699,109583,MAR,maria7,eh,shared_other,INTJ,2,1.04,1,0,51.35294118,ɛ,1,30
105699,109583,MAR,maria7,he,eng,PRON,2,3.93,2,0,7637.196078,hi,2,30
105699,109583,MAR,maria7,wants,eng,VERB,5,-1.0,3,0,306.9607843,wɑnts,5,30
105699,109583,MAR,maria7,you,eng,PRON,3,4.11,4,0,41857.11765,ju,2,30
105699,109583,MAR,maria7,to,eng,PART,2,1.55,5,0,22677.84314,tə,2,30
105699,109583,MAR,maria7,do,eng,VERB,2,2.46,6,0,6135.588235,du,2,30
105699,109583,MAR,maria7,something,eng,PRON,9,1.82,7,0,1500.156863,sʌmθɪŋ,6,30
105699,109583,MAR,maria7,for,eng,ADP,3,1.63,8,0,6895.098039,fɔɹ,3,30
105699,109583,MAR,maria7,him,eng,PRON,3,3.54,9,0,3484.509804,hɪm,3,30
109572,116921,MAR,maria7,you,eng,PRON,3,4.11,2,0,41857.11765,ju,2,31
109572,116921,MAR,maria7,know,eng,VERB,4,1.68,3,0,5721.176471,now,3,31
109572,116921,MAR,maria7,el,spa,DET,2,-1.0,4,0,17044.63942,el,2,31
109572,116921,MAR,maria7,vecino,spa,NOUN,6,-1.0,5,0,23.125,besino,6,31
109572,116921,MAR,maria7,de,spa,ADP,2,-1.0,6,0,32894.6875,de,2,31
109572,116921,MAR,maria7,a,shared_en,PROPN,1,1.46,7,0,20415.27451,ə,1,31
109572,116921,MAR,maria7,one,shared_en,PROPN,3,3.97,8,1,3072.235294,wʌn,3,31
109572,116921,MAR,maria7,que,spa,SCONJ,3,-1.0,9,0,33771.92308,ke,2,31
109572,116921,MAR,maria7,se,spa,PRON,2,-1.0,10,0,7007.980769,se,2,31
109572,116921,MAR,maria7,queja,spa,NOUN,5,3.2,11,0,11.27403846,kexa,4,31
109572,116921,MAR,maria7,que,spa,SCONJ,3,-1.0,12,0,33771.92308,ke,2,31
109572,116921,MAR,maria7,la,spa,DET,2,-1.0,13,0,21060.21635,la,2,31
109572,116921,MAR,maria7,luz,spa,NOUN,3,-1.0,14,0,162.3317308,lus,3,31
109572,116921,MAR,maria7,de,spa,ADP,2,-1.0,15,0,32894.6875,de,2,31
109572,116921,MAR,maria7,dump,eng,NOUN,4,3.93,16,0,28.82352941,dʌmp,4,31
109572,116921,MAR,maria7,slide,eng,VERB,5,4.48,17,0,17.82352941,slajd,5,31
109572,116921,MAR,maria7,in,eng,ADP,2,3.0,18,1,9773.411765,ɪn,2,31
109572,116921,MAR,maria7,his,eng,DET,3,3.14,19,0,2124.784314,hɪz,3,31
109572,116921,MAR,maria7,backyard,eng,NOUN,8,4.57,20,0,7.235294118,bækjɑɹd,7,31
109572,116921,MAR,maria7,or,eng,CONJ,2,1.72,21,1,1705.294118,ɔɹ,2,31
109572,116921,MAR,maria7,something,eng,PRON,9,1.82,22,0,1500.156863,sʌmθɪŋ,6,31
116910,121641,MAR,maria7,that,eng,SCONJ,4,1.54,1,0,14111.31373,ðæt,3,32
116910,121641,MAR,maria7,we,eng,PRON,2,3.08,2,0,9011.901961,wi,2,32
116910,121641,MAR,maria7,put,eng,VERB,3,2.5,3,0,828.4509804,pʊt,3,32
116910,121641,MAR,maria7,that,eng,DET,4,1.54,4,0,14111.31373,ðæt,3,32
116910,121641,MAR,maria7,light,eng,NOUN,5,4.21,5,0,165.1960784,lajt,4,32
116910,121641,MAR,maria7,shield,eng,NOUN,6,4.66,6,0,8.196078431,ʃild,4,32
116910,121641,MAR,maria7,the,eng,DET,3,1.43,8,0,29449.17647,ðə,2,32
116910,121641,MAR,maria7,house,eng,NOUN,5,5.0,9,0,514.0,haws,4,32
116910,121641,MAR,maria7,light,eng,NOUN,5,4.21,10,0,165.1960784,lajt,4,32
116910,121641,MAR,maria7,shield,eng,NOUN,6,4.66,11,0,8.196078431,ʃild,4,32
121561,123866,MAR,maria7,he,eng,PRON,2,3.93,1,0,7637.196078,hi,2,33
121561,123866,MAR,maria7,wants,eng,VERB,5,-1.0,2,0,306.9607843,wɑnts,5,33
121561,123866,MAR,maria7,you,eng,PRON,3,4.11,3,0,41857.11765,ju,2,33
121561,123866,MAR,maria7,to,eng,PART,2,1.55,4,0,22677.84314,tə,2,33
121561,123866,MAR,maria7,look,eng,VERB,4,2.96,5,0,1947.27451,lʊk,3,33
121561,123866,MAR,maria7,at,eng,ADP,2,2.07,6,0,3217.098039,æt,2,33
121561,123866,MAR,maria7,the,eng,DET,3,1.43,7,0,29449.17647,ðə,2,33
121561,123866,MAR,maria7,photometrics,eng,NOUN,12,-1.0,8,0,-1.0,fowtɑmɛtɹɪks,12,33
123858,126644,MAR,maria7,and,eng,CONJ,3,1.52,1,0,13387.84314,ænd,3,34
123858,126644,MAR,maria7,see,eng,VERB,3,3.21,2,0,2556.72549,si,2,34
123858,126644,MAR,maria7,whether,eng,SCONJ,7,1.59,3,0,67.1372549,wɛðɹ̩,5,34
123858,126644,MAR,maria7,it,eng,PRON,2,2.81,4,0,18896.31373,ɪt,2,34
123858,126644,MAR,maria7,'s,eng,VERB,1,-1.0,5,0,-1.0,z,1,34
126628,127952,MAR,maria7,once,eng,SCONJ,4,2.74,1,0,344.8823529,wʌns,4,35
126628,127952,MAR,maria7,you,eng,PRON,3,4.11,2,0,41857.11765,ju,2,35
126628,127952,MAR,maria7,put,eng,VERB,3,2.5,3,0,828.4509804,pʊt,3,35
126628,127952,MAR,maria7,the,eng,DET,3,1.43,4,0,29449.17647,ðə,2,35
126628,127952,MAR,maria7,light,eng,NOUN,5,4.21,5,0,165.1960784,lajt,4,35
126628,127952,MAR,maria7,shield,eng,NOUN,6,4.66,6,0,8.196078431,ʃild,4,35
128014,129251,MAR,maria7,they,eng,PRON,4,2.93,1,0,4102.941176,ðej,3,36
128014,129251,MAR,maria7,are,eng,VERB,3,1.96,2,0,5209.254902,ɑɹ,2,36
128014,129251,MAR,maria7,still,eng,ADV,5,3.46,3,0,788.7254902,stɪl,4,36
128014,129251,MAR,maria7,complaining,eng,VERB,11,-1.0,4,0,11.19607843,kəmplejnɪŋ,10,36
129227,131306,MAR,maria7,and,eng,CONJ,3,1.52,1,0,13387.84314,ænd,3,37
129227,131306,MAR,maria7,they,eng,PRON,4,2.93,2,0,4102.941176,ðej,3,37
129227,131306,MAR,maria7,are,eng,AUX,3,1.96,3,0,5209.254902,ɑɹ,2,37
129227,131306,MAR,maria7,still,eng,ADV,5,3.46,4,0,788.7254902,stɪl,4,37
129227,131306,MAR,maria7,gon+,eng,VERB,3,2.69,5,0,1996.156863,ɡɑn,3,37
129227,131306,MAR,maria7,na,eng,PART,2,1.55,6,0,1996.156863,nɑ,2,37
129227,131306,MAR,maria7,be,eng,VERB,2,1.85,7,0,5746.764706,bi,2,37
129227,131306,MAR,maria7,bitching,eng,VERB,8,-1.0,8,0,1.862745098,bɪt͡ʃɪŋ,7,37
129227,131306,MAR,maria7,and,eng,CONJ,3,1.52,9,0,13387.84314,ænd,3,37
129227,131306,MAR,maria7,moaning,eng,VERB,7,3.76,10,0,4.803921569,mownɪŋ,6,37
131276,138928,MAR,maria7,and,eng,CONJ,3,1.52,1,0,13387.84314,ænd,3,38
131276,138928,MAR,maria7,aparentemente,spa,ADV,13,-1.0,2,0,45.64903846,apaɾentemente,13,38
131276,138928,MAR,maria7,le,spa,PRON,2,-1.0,3,0,3339.038462,le,2,38
131276,138928,MAR,maria7,mando,spa,VERB,5,-1.0,4,0,41.17788462,mando,5,38
131276,138928,MAR,maria7,a,spa,ADP,1,-1.0,5,0,23214.78365,a,1,38
131276,138928,MAR,maria7,la,spa,DET,2,-1.0,6,0,21060.21635,la,2,38
131276,138928,MAR,maria7,principal,spa,ADJ,9,3.46,7,0,13.74509804,pɹɪnsəpəl,9,38
131276,138928,MAR,maria7,de,spa,ADP,2,-1.0,8,0,32894.6875,de,2,38
131276,138928,MAR,maria7,a,shared_en,PROPN,1,1.46,9,0,20415.27451,ə,1,38
131276,138928,MAR,maria7,one,shared_en,PROPN,3,3.97,10,1,3072.235294,wʌn,3,38
131276,138928,MAR,maria7,un,spa,DET,2,-1.0,11,0,13081.08173,un,2,38
131276,138928,MAR,maria7,email,shared_en,NOUN,5,4.69,12,0,2.078431373,imejl,5,38
131276,138928,MAR,maria7,de,spa,ADP,2,-1.0,13,0,32894.6875,de,2,38
131276,138928,MAR,maria7,esos,spa,DET,4,-1.0,14,0,398.8221154,esos,4,38
131276,138928,MAR,maria7,insultantes,spa,ADJ,11,-1.0,15,0,0.096153846,insultantes,11,38
131276,138928,MAR,maria7,horribles,spa,ADJ,9,-1.0,16,0,13.67788462,oribles,7,38
131276,138928,MAR,maria7,whatever,eng,PRON,8,1.46,17,0,246.745098,wʌtɛvɹ̩,7,38
131276,138928,MAR,maria7,que,spa,SCONJ,3,-1.0,18,0,33771.92308,ke,2,38
131276,138928,MAR,maria7,le,spa,PRON,2,-1.0,19,0,3339.038462,le,2,38
131276,138928,MAR,maria7,dijeron,spa,VERB,7,-1.0,20,0,125.0480769,dixeɾon,7,38
131276,138928,MAR,maria7,you,eng,PRON,3,4.11,21,0,41857.11765,ju,2,38
131276,138928,MAR,maria7,know,eng,VERB,4,1.68,22,0,5721.176471,now,3,38
131276,138928,MAR,maria7,you,eng,PRON,3,4.11,23,0,41857.11765,ju,2,38
131276,138928,MAR,maria7,ca,eng,AUX,2,4.55,24,0,5247.45098,kɑ,2,38
131276,138928,MAR,maria7,n't,eng,PART,2,2.08,25,1,5424.960784,nt,2,38
131276,138928,MAR,maria7,communicate,eng,VERB,11,3.43,26,1,8.509803922,kəmjunəkejt,11,38
131276,138928,MAR,maria7,with,eng,ADP,4,2.0,27,0,5048.333333,wɪð,3,38
131276,138928,MAR,maria7,her,eng,PRON,3,3.0,28,0,2835.823529,hɹ̩,3,38
131276,138928,MAR,maria7,anymore,eng,ADV,7,2.04,29,0,188.1764706,ɛnimɔɹ,6,38
139084,140536,MAR,maria7,you,eng,PRON,3,4.11,1,0,41857.11765,ju,2,39
139084,140536,MAR,maria7,know,eng,VERB,4,1.68,2,0,5721.176471,now,3,39
139084,140536,MAR,maria7,one,eng,NUM,3,3.97,3,1,3072.235294,wʌn,3,39
139084,140536,MAR,maria7,of,eng,ADP,2,1.67,4,0,11577.23529,ʌv,2,39
139084,140536,MAR,maria7,those,eng,DET,5,2.32,5,0,753.0196078,ðowz,4,39
139084,140536,MAR,maria7,kind,eng,NOUN,4,2.07,6,0,590.6862745,kajnd,5,39
139084,140536,MAR,maria7,of,eng,ADP,2,1.67,7,0,11577.23529,ʌv,2,39
139084,140536,MAR,maria7,neighbors,eng,NOUN,9,-1.0,8,0,17.01960784,nejbɹ̩z,7,39
140514,144891,MAR,maria7,so,eng,INTJ,2,1.42,1,0,4244.156863,sow,3,40
140514,144891,MAR,maria7,what,eng,PRON,4,2.0,2,0,9842.45098,wʌt,3,40
140514,144891,MAR,maria7,he,eng,PRON,2,3.93,3,0,7637.196078,hi,2,40
140514,144891,MAR,maria7,says,eng,VERB,4,-1.0,4,0,320.7058824,sɛz,3,40
140514,144891,MAR,maria7,they,eng,PRON,4,2.93,5,0,4102.941176,ðej,3,40
140514,144891,MAR,maria7,are,eng,AUX,3,1.96,6,0,5209.254902,ɑɹ,2,40
140514,144891,MAR,maria7,not,eng,PART,3,2.08,7,1,5424.960784,nɑt,3,40
140514,144891,MAR,maria7,gon+,eng,VERB,3,2.69,8,0,1996.156863,ɡɑn,3,40
140514,144891,MAR,maria7,na,eng,PART,2,1.55,9,0,1996.156863,nɑ,2,40
140514,144891,MAR,maria7,get,eng,VERB,3,2.38,10,0,4583.764706,ɡɛt,3,40
140514,144891,MAR,maria7,remove,eng,VERB,6,3.14,11,1,21.25490196,ɹimuv,5,40
140514,144891,MAR,maria7,of,eng,ADP,2,1.67,12,0,11577.23529,ʌv,2,40
140514,144891,MAR,maria7,the,eng,DET,3,1.43,13,0,29449.17647,ðə,2,40
140514,144891,MAR,maria7,light,eng,NOUN,5,4.21,14,0,165.1960784,lajt,4,40
140514,144891,MAR,maria7,or,eng,CONJ,2,1.72,15,1,1705.294118,ɔɹ,2,40
140514,144891,MAR,maria7,anything,eng,PRON,8,1.38,16,0,907.254902,ɛniθɪŋ,6,40
140514,144891,MAR,maria7,cause,eng,NOUN,5,2.43,17,1,310.0392157,kɑz,3,40
140514,144891,MAR,maria7,they,eng,PRON,4,2.93,18,0,4102.941176,ðej,3,40
140514,144891,MAR,maria7,need,eng,VERB,4,1.69,19,0,1294.901961,nid,3,40
140514,144891,MAR,maria7,it,eng,PRON,2,2.81,20,0,18896.31373,ɪt,2,40
140514,144891,MAR,maria7,for,eng,ADP,3,1.63,21,0,6895.098039,fɔɹ,3,40
140514,144891,MAR,maria7,safety,eng,NOUN,6,2.37,22,0,32.33333333,sejfti,6,40
144866,146944,MAR,maria7,but,eng,CONJ,3,2.04,1,0,4417.470588,bʌt,3,41
144866,146944,MAR,maria7,he,eng,PRON,2,3.93,2,0,7637.196078,hi,2,41
144866,146944,MAR,maria7,wants,eng,VERB,5,-1.0,3,0,306.9607843,wɑnts,5,41
144866,146944,MAR,maria7,to,eng,ADP,2,1.55,4,0,22677.84314,tə,2,41
144866,146944,MAR,maria7,you,eng,PRON,3,4.11,5,0,41857.11765,ju,2,41
144866,146944,MAR,maria7,know,eng,VERB,4,1.68,6,0,5721.176471,now,3,41
144866,146944,MAR,maria7,have,eng,VERB,4,2.18,7,0,6161.411765,hæv,3,41
144866,146944,MAR,maria7,time,eng,NOUN,4,3.07,8,0,1958.627451,tajm,4,41
144866,146944,MAR,maria7,to,eng,PART,2,1.55,9,0,22677.84314,tə,2,41
144866,146944,MAR,maria7,pull,eng,VERB,4,3.97,10,0,146.4509804,pʊl,3,41
144866,146944,MAR,maria7,evidence,eng,NOUN,8,3.65,11,1,85.0,ɛvədəns,7,41
146932,150837,MAR,maria7,mira,spa,VERB,4,-1.0,1,0,871.3942308,miɾa,4,42
146932,150837,MAR,maria7,los,spa,DET,3,-1.0,2,0,7082.019231,los,3,42
146932,150837,MAR,maria7,photometrics,eng,NOUN,12,-1.0,3,0,-1.0,fowtɑmɛtɹɪks,12,42
146932,150837,MAR,maria7,con,spa,ADP,3,-1.0,4,0,7173.485577,kon,3,42
146932,150837,MAR,maria7,el,spa,DET,2,-1.0,5,0,17044.63942,el,2,42
146932,150837,MAR,maria7,light,eng,NOUN,5,4.21,6,0,165.1960784,lajt,4,42
146932,150837,MAR,maria7,shield,eng,NOUN,6,4.66,7,0,8.196078431,ʃild,4,42
146932,150837,MAR,maria7,esa,spa,DET,3,-1.0,8,0,1276.322115,esa,3,42
146932,150837,MAR,maria7,luz,spa,NOUN,3,-1.0,9,0,162.3317308,lus,3,42
146932,150837,MAR,maria7,no,spa,ADV,2,-1.0,10,1,30664.78365,no,2,42
146932,150837,MAR,maria7,tiene,spa,VERB,5,-1.0,11,0,1907.740385,tjene,5,42
146932,150837,MAR,maria7,whatever,eng,PRON,8,1.46,12,0,246.745098,wʌtɛvɹ̩,7,42
150831,154355,MAR,maria7,you,eng,PRON,3,4.11,1,0,41857.11765,ju,2,43
150831,154355,MAR,maria7,know,eng,VERB,4,1.68,2,0,5721.176471,now,3,43
150831,154355,MAR,maria7,it,eng,PRON,2,2.81,3,0,18896.31373,ɪt,2,43
150831,154355,MAR,maria7,it,eng,PRON,2,2.81,5,0,18896.31373,ɪt,2,43
150831,154355,MAR,maria7,it,eng,PRON,2,2.81,6,0,18896.31373,ɪt,2,43
150831,154355,MAR,maria7,'s,eng,VERB,1,-1.0,7,0,-1.0,z,1,43
150831,154355,MAR,maria7,acceptable,eng,ADJ,10,1.93,8,0,5.274509804,æksɛptəbəl,10,43
154320,161539,MAR,maria7,well,eng,INTJ,4,3.33,1,0,2990.647059,wɛl,3,44
154320,161539,MAR,maria7,that,eng,PRON,4,1.54,2,0,14111.31373,ðæt,3,44
154320,161539,MAR,maria7,'s,eng,VERB,1,-1.0,3,0,-1.0,z,1,44
154320,161539,MAR,maria7,why,eng,ADV,3,1.86,4,0,2248.764706,waj,3,44
154320,161539,MAR,maria7,i,eng,PRON,1,-1.0,5,0,39971.15686,aj,2,44
154320,161539,MAR,maria7,'ve,eng,AUX,2,-1.0,6,0,-1.0,v,1,44
154320,161539,MAR,maria7,been,eng,AUX,4,1.92,7,0,1736.72549,bɪn,3,44
154320,161539,MAR,maria7,calling,eng,NOUN,7,2.85,8,0,123.745098,kɔlɪŋ,5,44
154320,161539,MAR,maria7,to,eng,ADP,2,1.55,9,0,22677.84314,tə,2,44
154320,161539,MAR,maria7,pedro,shared_es,PROPN,5,-1.0,10,0,6.68627451,pejdɹow,7,44
154320,161539,MAR,maria7,para,spa,ADP,4,-1.0,11,0,6524.206731,paɾa,4,44
154320,161539,MAR,maria7,que,spa,SCONJ,3,-1.0,12,0,33771.92308,ke,2,44
154320,161539,MAR,maria7,me,spa,PRON,2,-1.0,13,0,9838.629808,me,2,44
154320,161539,MAR,maria7,diga,spa,VERB,4,-1.0,14,0,156.5384615,diɡa,4,44
154320,161539,MAR,maria7,cual,spa,PRON,4,-1.0,15,0,146.3221154,kwal,4,44
154320,161539,MAR,maria7,es,spa,VERB,2,-1.0,16,0,16779.42308,es,2,44
154320,161539,MAR,maria7,so,eng,SCONJ,2,1.42,17,0,4244.156863,sow,3,44
154320,161539,MAR,maria7,that,eng,SCONJ,4,1.54,18,0,14111.31373,ðæt,3,44
154320,161539,MAR,maria7,you,eng,PRON,3,4.11,19,0,41857.11765,ju,2,44
154320,161539,MAR,maria7,know,eng,VERB,4,1.68,20,0,5721.176471,now,3,44
154320,161539,MAR,maria7,which,eng,PRON,5,1.54,21,0,477.2352941,wɪt͡ʃ,5,44
154320,161539,MAR,maria7,is,eng,VERB,2,1.59,22,0,9013.0,ɪz,2,44
154320,161539,MAR,maria7,the,eng,DET,3,1.43,23,0,29449.17647,ðə,2,44
154320,161539,MAR,maria7,pole,eng,NOUN,4,4.66,24,1,12.58823529,powl,4,44
154320,161539,MAR,maria7,that,eng,SCONJ,4,1.54,25,0,14111.31373,ðæt,3,44
154320,161539,MAR,maria7,we,eng,PRON,2,3.08,26,0,9011.901961,wi,2,44
154320,161539,MAR,maria7,put,eng,VERB,3,2.5,27,0,828.4509804,pʊt,3,44
154320,161539,MAR,maria7,it,eng,PRON,2,2.81,28,0,18896.31373,ɪt,2,44
154320,161539,MAR,maria7,on,eng,ADP,2,3.25,29,1,6955.72549,ɑn,2,44
154320,161539,MAR,maria7,cause,eng,NOUN,5,2.43,30,1,310.0392157,kɑz,3,44
154320,161539,MAR,maria7,i,eng,PRON,1,-1.0,31,0,39971.15686,aj,2,44
154320,161539,MAR,maria7,do,eng,AUX,2,2.46,32,0,6135.588235,du,2,44
154320,161539,MAR,maria7,n't,eng,PART,2,-1.0,33,0,-1.0,nt,2,44
154320,161539,MAR,maria7,know,eng,VERB,4,1.68,34,0,5721.176471,now,3,44
154320,161539,MAR,maria7,which,eng,DET,5,1.54,35,0,477.2352941,wɪt͡ʃ,5,44
154320,161539,MAR,maria7,one,eng,NOUN,3,3.97,36,1,3072.235294,wʌn,3,44
154320,161539,MAR,maria7,it,eng,PRON,2,2.81,37,0,18896.31373,ɪt,2,44
154320,161539,MAR,maria7,is,eng,VERB,2,1.59,38,0,9013.0,ɪz,2,44
161516,162915,MAR,maria7,it,eng,PRON,2,2.81,1,0,18896.31373,ɪt,2,45
161516,162915,MAR,maria7,'s,eng,VERB,1,-1.0,2,0,-1.0,z,1,45
161516,162915,MAR,maria7,not,eng,PART,3,2.08,3,1,5424.960784,nɑt,3,45
161516,162915,MAR,maria7,the,eng,DET,3,1.43,4,0,29449.17647,ðə,2,45
161516,162915,MAR,maria7,neighbor,eng,NOUN,8,4.64,5,0,16.94117647,nejbɹ̩,6,45
161516,162915,MAR,maria7,in,eng,ADP,2,3.0,6,1,9773.411765,ɪn,2,45
161516,162915,MAR,maria7,the,eng,DET,3,1.43,7,0,29449.17647,ðə,2,45
161516,162915,MAR,maria7,corner,eng,NOUN,6,4.61,8,0,52.52941176,kɔɹnɹ̩,6,45
162915,164308,MAR,maria7,yo,spa,PRON,2,-1.0,1,0,4513.533654,io,2,46
162915,164308,MAR,maria7,creo,spa,VERB,4,-1.0,2,0,1715.336538,kɾeo,4,46
162915,164308,MAR,maria7,que,spa,SCONJ,3,-1.0,3,0,33771.92308,ke,2,46
162915,164308,MAR,maria7,es,spa,VERB,2,-1.0,4,0,16779.42308,es,2,46
162915,164308,MAR,maria7,el,spa,DET,2,-1.0,5,0,17044.63942,el,2,46
162915,164308,MAR,maria7,de,spa,ADP,2,-1.0,6,0,32894.6875,de,2,46
162915,164308,MAR,maria7,a+,spa,ADP,1,-1.0,7,0,3731.394231,a,1,46
162915,164308,MAR,maria7,l,spa,DET,1,-1.0,8,0,3731.394231,el,2,46
162915,164308,MAR,maria7,lado,spa,NOUN,4,3.4,9,0,369.2067308,lado,4,46
164279,166949,MAR,maria7,but,eng,CONJ,3,2.04,1,0,4417.470588,bʌt,3,47
164279,166949,MAR,maria7,i,eng,PRON,1,-1.0,2,0,39971.15686,aj,2,47
164279,166949,MAR,maria7,need,eng,VERB,4,1.69,3,0,1294.901961,nid,3,47
164279,166949,MAR,maria7,to,eng,PART,2,1.55,4,0,22677.84314,tə,2,47
164279,166949,MAR,maria7,confirm,eng,VERB,7,2.15,5,1,14.43137255,kənfɹ̩m,7,47
164279,166949,MAR,maria7,so,eng,SCONJ,2,1.42,6,0,4244.156863,sow,3,47
164279,166949,MAR,maria7,that,eng,SCONJ,4,1.54,7,0,14111.31373,ðæt,3,47
164279,166949,MAR,maria7,we,eng,PRON,2,3.08,8,0,9011.901961,wi,2,47
164279,166949,MAR,maria7,know,eng,VERB,4,1.68,9,0,5721.176471,now,3,47
164279,166949,MAR,maria7,which,eng,DET,5,1.54,10,0,477.2352941,wɪt͡ʃ,5,47
164279,166949,MAR,maria7,one,eng,NOUN,3,3.97,11,1,3072.235294,wʌn,3,47
164279,166949,MAR,maria7,you,eng,PRON,3,4.11,12,0,41857.11765,ju,2,47
164279,166949,MAR,maria7,put,eng,VERB,3,2.5,13,0,828.4509804,pʊt,3,47
164279,166949,MAR,maria7,it,eng,PRON,2,2.81,14,0,18896.31373,ɪt,2,47
164279,166949,MAR,maria7,in,eng,ADV,2,3.0,15,1,9773.411765,ɪn,2,47
166943,173321,MAR,maria7,and,eng,CONJ,3,1.52,1,0,13387.84314,ænd,3,48
166943,173321,MAR,maria7,then,eng,ADV,4,1.44,2,0,1489.529412,ðɛn,3,48
166943,173321,MAR,maria7,his,eng,DET,3,3.14,3,0,2124.784314,hɪz,3,48
166943,173321,MAR,maria7,other,eng,DET,5,2.04,4,1,735.3921569,ʌðɹ̩,4,48
166943,173321,MAR,maria7,thing,eng,NOUN,5,3.17,5,0,1088.666667,θɪŋ,3,48
166943,173321,MAR,maria7,he,eng,PRON,2,3.93,6,0,7637.196078,hi,2,48
166943,173321,MAR,maria7,noted,eng,VERB,5,3.15,7,0,4.803921569,nowtəd,6,48
166943,173321,MAR,maria7,when,eng,SCONJ,4,1.6,8,0,2034.098039,wɛn,3,48
166943,173321,MAR,maria7,he,eng,PRON,2,3.93,9,0,7637.196078,hi,2,48
166943,173321,MAR,maria7,was,eng,VERB,3,1.69,10,0,5654.72549,wɑz,3,48
166943,173321,MAR,maria7,at,eng,ADP,2,2.07,11,0,3217.098039,æt,2,48
166943,173321,MAR,maria7,the,eng,DET,3,1.43,12,0,29449.17647,ðə,2,48
166943,173321,MAR,maria7,u,shared_en,PROPN,1,-1.0,13,0,49.1372549,ju,2,48
166943,173321,MAR,maria7,one,shared_en,PROPN,3,3.97,14,1,3072.235294,wʌn,3,48
166943,173321,MAR,maria7,siding,eng,NOUN,6,4.64,15,0,1.333333333,sajdɪŋ,6,48
166943,173321,MAR,maria7,and,eng,CONJ,3,1.52,16,0,13387.84314,ænd,3,48
166943,173321,MAR,maria7,connector,eng,NOUN,9,4.18,17,0,0.156862745,kənɛktɹ̩,8,48
166943,173321,MAR,maria7,road,eng,NOUN,4,4.75,18,0,111.9411765,ɹowd,4,48
166943,173321,MAR,maria7,que,spa,SCONJ,3,-1.0,19,0,33771.92308,ke,2,48
166943,173321,MAR,maria7,pusimos,spa,VERB,7,-1.0,20,0,9.495192308,pusimos,7,48
166943,173321,MAR,maria7,luces,spa,NOUN,5,-1.0,21,0,73.22115385,luses,5,48
173300,174827,MAR,maria7,you,eng,PRON,3,4.11,1,0,41857.11765,ju,2,49
173300,174827,MAR,maria7,know,eng,VERB,4,1.68,2,0,5721.176471,now,3,49
173300,174827,MAR,maria7,the,eng,DET,3,1.43,3,0,29449.17647,ðə,2,49
173300,174827,MAR,maria7,new,eng,ADJ,3,2.81,4,0,723.7843137,nu,2,49
173300,174827,MAR,maria7,road,eng,NOUN,4,4.75,5,0,111.9411765,ɹowd,4,49
173300,174827,MAR,maria7,we,eng,PRON,2,3.08,6,0,9011.901961,wi,2,49
173300,174827,MAR,maria7,put,eng,VERB,3,2.5,7,0,828.4509804,pʊt,3,49
173300,174827,MAR,maria7,in,eng,ADV,2,3.0,8,1,9773.411765,ɪn,2,49
174803,179883,MAR,maria7,me,spa,PRON,2,-1.0,1,0,9838.629808,me,2,50
174803,179883,MAR,maria7,dice,spa,VERB,4,-1.0,2,0,572.6201923,dise,4,50
174803,179883,MAR,maria7,me,spa,PRON,2,-1.0,4,0,9838.629808,me,2,50
174803,179883,MAR,maria7,dice,spa,VERB,4,-1.0,5,0,572.6201923,dise,4,50
174803,179883,MAR,maria7,esos,spa,PRON,4,-1.0,6,0,398.8221154,esos,4,50
174803,179883,MAR,maria7,estan,spa,VERB,5,-1.0,7,0,1226.5625,estan,5,50
174803,179883,MAR,maria7,hasta,spa,ADP,5,-1.0,8,0,973.3413462,asta,4,50
174803,179883,MAR,maria7,mas,spa,ADV,3,-1.0,9,0,120.5528846,mas,3,50
174803,179883,MAR,maria7,cerca,spa,ADV,5,-1.0,10,0,256.3461538,seɾka,5,50
174803,179883,MAR,maria7,todavia,spa,ADV,7,-1.0,11,0,354.0144231,todabja,7,50
174803,179883,MAR,maria7,de,spa,ADP,2,-1.0,12,0,32894.6875,de,2,50
174803,179883,MAR,maria7,los,spa,DET,3,-1.0,13,0,7082.019231,los,3,50
174803,179883,MAR,maria7,vecinos,spa,NOUN,7,-1.0,14,0,29.0625,besinos,7,50
179877,182635,MAR,maria7,right,eng,INTJ,5,3.47,1,0,4008.392157,ɹajt,4,51
182587,190853,MAR,maria7,so,eng,SCONJ,2,1.42,1,0,4244.156863,sow,3,52
182587,190853,MAR,maria7,he,eng,PRON,2,3.93,2,0,7637.196078,hi,2,52
182587,190853,MAR,maria7,wants,eng,VERB,5,-1.0,3,0,306.9607843,wɑnts,5,52
182587,190853,MAR,maria7,to,eng,PART,2,1.55,4,0,22677.84314,tə,2,52
182587,190853,MAR,maria7,at,eng,ADP,2,2.07,5,0,3217.098039,æt,2,52
182587,190853,MAR,maria7,least,eng,ADV,5,2.36,6,0,207.7647059,list,4,52
182587,190853,MAR,maria7,have,eng,VERB,4,2.18,7,0,6161.411765,hæv,3,52
182587,190853,MAR,maria7,some,eng,DET,4,2.48,8,0,1727.235294,sʌm,3,52
182587,190853,MAR,maria7,some,eng,DET,4,2.48,10,0,1727.235294,sʌm,3,52
182587,190853,MAR,maria7,comment,eng,NOUN,7,3.29,11,1,12.82352941,kɑmɛnt,6,52
182587,190853,MAR,maria7,from,eng,ADP,4,1.84,12,0,2039.058824,fɹʌm,4,52
182587,190853,MAR,maria7,you,eng,PRON,3,4.11,13,0,41857.11765,ju,2,52
182587,190853,MAR,maria7,from,eng,ADP,4,1.84,14,0,2039.058824,fɹʌm,4,52
182587,190853,MAR,maria7,the,eng,DET,3,1.43,15,0,29449.17647,ðə,2,52
182587,190853,MAR,maria7,photometrics,eng,NOUN,12,-1.0,16,0,-1.0,fowtɑmɛtɹɪks,12,52
182587,190853,MAR,maria7,saying,eng,VERB,6,2.58,17,0,291.6470588,sejɪŋ,5,52
182587,190853,MAR,maria7,you,eng,PRON,3,4.11,18,0,41857.11765,ju,2,52
182587,190853,MAR,maria7,know,eng,VERB,4,1.68,19,0,5721.176471,now,3,52
182587,190853,MAR,maria7,the,eng,DET,3,1.43,20,0,29449.17647,ðə,2,52
182587,190853,MAR,maria7,light,eng,NOUN,5,4.21,21,0,165.1960784,lajt,4,52
182587,190853,MAR,maria7,level,eng,NOUN,5,2.86,22,0,51.62745098,lɛvəl,5,52
182587,190853,MAR,maria7,is,eng,VERB,2,1.59,23,0,9013.0,ɪz,2,52
182587,190853,MAR,maria7,is,eng,VERB,2,1.59,25,0,9013.0,ɪz,2,52
182587,190853,MAR,maria7,acceptable,eng,ADJ,10,1.93,26,0,5.274509804,æksɛptəbəl,10,52
182587,190853,MAR,maria7,you,eng,PRON,3,4.11,27,0,41857.11765,ju,2,52
182587,190853,MAR,maria7,know,eng,VERB,4,1.68,28,0,5721.176471,now,3,52
182587,190853,MAR,maria7,whatever,eng,DET,8,1.46,29,0,246.745098,wʌtɛvɹ̩,7,52
182587,190853,MAR,maria7,standard,eng,NOUN,8,1.83,30,1,18.43137255,stændɹ̩d,8,52
182587,190853,MAR,maria7,that,eng,PRON,4,1.54,31,0,14111.31373,ðæt,3,52
182587,190853,MAR,maria7,is,eng,VERB,2,1.59,32,0,9013.0,ɪz,2,52
190822,200418,MAR,maria7,i,eng,PRON,1,-1.0,1,0,39971.15686,aj,2,53
190822,200418,MAR,maria7,do,eng,AUX,2,2.46,2,0,6135.588235,du,2,53
190822,200418,MAR,maria7,n't,eng,PART,2,-1.0,3,0,-1.0,nt,2,53
190822,200418,MAR,maria7,know,eng,VERB,4,1.68,4,0,5721.176471,now,3,53
190822,200418,MAR,maria7,how,eng,ADV,3,1.35,5,0,3056.215686,haw,3,53
190822,200418,MAR,maria7,you,eng,PRON,3,4.11,6,0,41857.11765,ju,2,53
190822,200418,MAR,maria7,wan+,eng,VERB,3,1.93,7,0,505.8039216,wɑn,3,53
190822,200418,MAR,maria7,na,eng,PART,2,1.55,8,0,505.8039216,nɑ,2,53
190822,200418,MAR,maria7,coach,eng,NOUN,5,4.12,9,1,47.62745098,kowt͡ʃ,6,53
190822,200418,MAR,maria7,it,eng,PRON,2,2.81,10,0,18896.31373,ɪt,2,53
190822,200418,MAR,maria7,you,eng,PRON,3,4.11,11,0,41857.11765,ju,2,53
190822,200418,MAR,maria7,know,eng,VERB,4,1.68,12,0,5721.176471,now,3,53
190822,200418,MAR,maria7,they,eng,PRON,4,2.93,13,0,4102.941176,ðej,3,53
190822,200418,MAR,maria7,want,eng,VERB,4,1.93,14,0,2759.176471,wɑnt,4,53
190822,200418,MAR,maria7,they,eng,PRON,4,2.93,15,0,4102.941176,ðej,3,53
190822,200418,MAR,maria7,are,eng,AUX,3,1.96,16,0,5209.254902,ɑɹ,2,53
190822,200418,MAR,maria7,not,eng,PART,3,2.08,17,1,5424.960784,nɑt,3,53
190822,200418,MAR,maria7,gon+,eng,VERB,3,2.69,18,0,1996.156863,ɡɑn,3,53
190822,200418,MAR,maria7,na,eng,PART,2,1.55,19,0,1996.156863,nɑ,2,53
190822,200418,MAR,maria7,remove,eng,VERB,6,3.14,20,1,21.25490196,ɹimuv,5,53
190822,200418,MAR,maria7,it,eng,PRON,2,2.81,21,0,18896.31373,ɪt,2,53
190822,200418,MAR,maria7,but,eng,CONJ,3,2.04,22,0,4417.470588,bʌt,3,53
190822,200418,MAR,maria7,they,eng,PRON,4,2.93,23,0,4102.941176,ðej,3,53
190822,200418,MAR,maria7,wan+,eng,VERB,3,1.93,24,0,505.8039216,wɑn,3,53
190822,200418,MAR,maria7,na,eng,PART,2,1.55,25,0,505.8039216,nɑ,2,53
190822,200418,MAR,maria7,be,eng,VERB,2,1.85,26,0,5746.764706,bi,2,53
190822,200418,MAR,maria7,able,eng,ADJ,4,2.38,27,0,159.9019608,ejbəl,5,53
190822,200418,MAR,maria7,to,eng,PART,2,1.55,28,0,22677.84314,tə,2,53
190822,200418,MAR,maria7,say,eng,VERB,3,2.58,29,0,1639.784314,sej,3,53
190822,200418,MAR,maria7,bueno,spa,INTJ,5,-1.0,30,0,2456.995192,bweno,5,53
190822,200418,MAR,maria7,you,eng,PRON,3,4.11,31,0,41857.11765,ju,2,53
190822,200418,MAR,maria7,know,eng,VERB,4,1.68,32,0,5721.176471,now,3,53
190822,200418,MAR,maria7,it,eng,PRON,2,2.81,33,0,18896.31373,ɪt,2,53
190822,200418,MAR,maria7,'s,eng,VERB,1,-1.0,34,0,-1.0,z,1,53
190822,200418,MAR,maria7,no,eng,DET,2,2.45,35,1,5971.54902,now,3,53
190822,200418,MAR,maria7,different,eng,ADJ,9,1.97,36,1,209.5294118,dɪfɹ̩ənt,8,53
190822,200418,MAR,maria7,than,eng,ADP,4,1.69,37,0,738.8039216,ðæn,3,53
190822,200418,MAR,maria7,whatever,eng,PRON,8,1.46,38,0,246.745098,wʌtɛvɹ̩,7,53
190822,200418,MAR,maria7,your,eng,DET,4,2.37,39,0,6445.392157,jɔɹ,3,53
190822,200418,MAR,maria7,house,eng,NOUN,5,5.0,40,0,514.0,haws,4,53
190822,200418,MAR,maria7,your,eng,DET,4,2.37,41,0,6445.392157,jɔɹ,3,53
190822,200418,MAR,maria7,street,eng,NOUN,6,4.75,42,0,148.1764706,stɹit,5,53
190822,200418,MAR,maria7,light,eng,NOUN,5,4.21,43,0,165.1960784,lajt,4,53
190822,200418,MAR,maria7,or,eng,CONJ,2,1.72,44,1,1705.294118,ɔɹ,2,53
190822,200418,MAR,maria7,something,eng,PRON,9,1.82,45,0,1500.156863,sʌmθɪŋ,6,53
190822,200418,MAR,maria7,so,eng,SCONJ,2,1.42,46,0,4244.156863,sow,3,53
200410,208613,MAR,maria7,which,eng,PRON,5,1.54,1,0,477.2352941,wɪt͡ʃ,5,54
200410,208613,MAR,maria7,is,eng,VERB,2,1.59,2,0,9013.0,ɪz,2,54
200410,208613,MAR,maria7,the,eng,DET,3,1.43,3,0,29449.17647,ðə,2,54
200410,208613,MAR,maria7,pole,eng,NOUN,4,4.66,4,1,12.58823529,powl,4,54
200410,208613,MAR,maria7,at,eng,ADP,2,2.07,5,0,3217.098039,æt,2,54
200410,208613,MAR,maria7,a,shared_en,PROPN,1,1.46,6,0,20415.27451,ə,1,54
200410,208613,MAR,maria7,one,shared_en,PROPN,3,3.97,7,1,3072.235294,wʌn,3,54
200410,208613,MAR,maria7,and,eng,CONJ,3,1.52,8,0,13387.84314,ænd,3,54
200410,208613,MAR,maria7,then,eng,ADV,4,1.44,9,0,1489.529412,ðɛn,3,54
200410,208613,MAR,maria7,at,eng,ADP,2,2.07,10,0,3217.098039,æt,2,54
200410,208613,MAR,maria7,u,shared_en,PROPN,1,-1.0,11,0,49.1372549,ju,2,54
200410,208613,MAR,maria7,one,shared_en,PROPN,3,3.97,12,1,3072.235294,wʌn,3,54
200410,208613,MAR,maria7,did,eng,AUX,3,2.45,13,0,2341.372549,dɪd,3,54
200410,208613,MAR,maria7,we,eng,PRON,2,3.08,14,0,9011.901961,wi,2,54
200410,208613,MAR,maria7,run,eng,VERB,3,4.31,15,0,350.5490196,ɹʌn,3,54
200410,208613,MAR,maria7,photometrics,eng,NOUN,12,-1.0,16,0,-1.0,fowtɑmɛtɹɪks,12,54
200410,208613,MAR,maria7,for,eng,ADP,3,1.63,17,0,6895.098039,fɔɹ,3,54
200410,208613,MAR,maria7,that,eng,DET,4,1.54,18,0,14111.31373,ðæt,3,54
200410,208613,MAR,maria7,new,eng,ADJ,3,2.81,19,0,723.7843137,nu,2,54
200410,208613,MAR,maria7,connector,eng,NOUN,9,4.18,20,0,0.156862745,kənɛktɹ̩,8,54
200410,208613,MAR,maria7,road,eng,NOUN,4,4.75,21,0,111.9411765,ɹowd,4,54
200410,208613,MAR,maria7,way,eng,NOUN,3,2.34,22,0,1424.72549,wej,3,54
208607,216683,MAR,maria7,ok,shared_other,INTJ,2,2.11,1,0,508.3921569,owkej,5,55
208607,216683,MAR,maria7,so,eng,INTJ,2,1.42,2,0,4244.156863,sow,3,55
208607,216683,MAR,maria7,it,eng,PRON,2,2.81,3,0,18896.31373,ɪt,2,55
208607,216683,MAR,maria7,'ll,eng,AUX,2,-1.0,4,0,-1.0,l,1,55
208607,216683,MAR,maria7,be,eng,VERB,2,1.85,5,0,5746.764706,bi,2,55
208607,216683,MAR,maria7,the,eng,DET,3,1.43,6,0,29449.17647,ðə,2,55
208607,216683,MAR,maria7,same,eng,ADJ,4,2.64,7,0,417.1764706,sejm,4,55
208607,216683,MAR,maria7,thing,eng,NOUN,5,3.17,8,0,1088.666667,θɪŋ,3,55
208607,216683,MAR,maria7,and,eng,CONJ,3,1.52,9,0,13387.84314,ænd,3,55
208607,216683,MAR,maria7,we,eng,PRON,2,3.08,10,0,9011.901961,wi,2,55
208607,216683,MAR,maria7,may,eng,AUX,3,3.0,11,1,511.372549,mej,3,55
208607,216683,MAR,maria7,have,eng,AUX,4,2.18,12,0,6161.411765,hæv,3,55
208607,216683,MAR,maria7,to,eng,PART,2,1.55,13,0,22677.84314,tə,2,55
208607,216683,MAR,maria7,put,eng,VERB,3,2.5,14,0,828.4509804,pʊt,3,55
208607,216683,MAR,maria7,house,eng,NOUN,5,5.0,15,0,514.0,haws,4,55
208607,216683,MAR,maria7,shields,eng,NOUN,7,-1.0,16,0,5.137254902,ʃildz,5,55
208607,216683,MAR,maria7,you,eng,PRON,3,4.11,17,0,41857.11765,ju,2,55
208607,216683,MAR,maria7,know,eng,VERB,4,1.68,18,0,5721.176471,now,3,55
208607,216683,MAR,maria7,home,eng,NOUN,4,4.11,19,0,774.3333333,howm,4,55
208607,216683,MAR,maria7,house,eng,NOUN,5,5.0,20,0,514.0,haws,4,55
208607,216683,MAR,maria7,shields,eng,NOUN,7,-1.0,21,0,5.137254902,ʃildz,5,55
208607,216683,MAR,maria7,on,eng,ADP,2,3.25,22,1,6955.72549,ɑn,2,55
208607,216683,MAR,maria7,those,eng,DET,5,2.32,23,0,753.0196078,ðowz,4,55
208607,216683,MAR,maria7,para,spa,ADP,4,-1.0,24,0,6524.206731,paɾa,4,55
208607,216683,MAR,maria7,por,spa,ADP,3,-1.0,25,1,10498.96635,poɾ,3,55
208607,216683,MAR,maria7,lo,spa,DET,2,-1.0,26,0,14864.56731,lo,2,55
208607,216683,MAR,maria7,menos,spa,ADV,5,-1.0,27,1,609.2548077,menos,5,55
208607,216683,MAR,maria7,quitar,spa,VERB,6,-1.0,28,0,20.67307692,kitaɾ,5,55
208607,216683,MAR,maria7,un,spa,DET,2,-1.0,29,0,13081.08173,un,2,55
208607,216683,MAR,maria7,poquitico,spa,ADV,9,-1.0,30,0,-1.0,pokitiko,8,55
208607,216683,MAR,maria7,porque,spa,SCONJ,6,-1.0,31,0,1683.846154,poɾke,5,55
208607,216683,MAR,maria7,he,eng,PRON,2,3.93,32,0,7637.196078,hi,2,55
208607,216683,MAR,maria7,wants,eng,VERB,5,-1.0,33,0,306.9607843,wɑnts,5,55
208607,216683,MAR,maria7,to,eng,ADP,2,1.55,34,0,22677.84314,tə,2,55
208607,216683,MAR,maria7,at,eng,ADP,2,2.07,35,0,3217.098039,æt,2,55
208607,216683,MAR,maria7,least,eng,ADJ,5,2.36,36,0,207.7647059,list,4,55
208607,216683,MAR,maria7,show,eng,VERB,4,3.97,37,1,488.3529412,ʃow,3,55
208607,216683,MAR,maria7,the,eng,DET,3,1.43,38,0,29449.17647,ðə,2,55
216681,219665,MAR,maria7,mira,spa,VERB,4,-1.0,1,0,871.3942308,miɾa,4,56
216681,219665,MAR,maria7,cuando,spa,ADP,6,-1.0,2,0,2167.091346,kwando,6,56
216681,219665,MAR,maria7,no,spa,ADV,2,-1.0,3,1,30664.78365,no,2,56
216681,219665,MAR,maria7,tenia,spa,VERB,5,-1.0,4,0,693.2451923,tenja,5,56
216681,219665,MAR,maria7,un,spa,DET,2,-1.0,5,0,13081.08173,un,2,56
216681,219665,MAR,maria7,shield,eng,NOUN,6,4.66,6,0,8.196078431,ʃild,4,56
216681,219665,MAR,maria7,este,spa,DET,4,-1.0,7,0,1833.293269,este,4,56
216681,219665,MAR,maria7,era,spa,VERB,3,-1.0,8,0,1754.302885,eɾa,3,56
216681,219665,MAR,maria7,el,spa,DET,2,-1.0,9,0,17044.63942,el,2,56
216681,219665,MAR,maria7,luz,spa,NOUN,3,-1.0,10,0,162.3317308,lus,3,56
216681,219665,MAR,maria7,que,spa,SCONJ,3,-1.0,11,0,33771.92308,ke,2,56
216681,219665,MAR,maria7,te,spa,PRON,2,-1.0,12,1,8240.192308,te,2,56
216681,219665,MAR,maria7,tocaba,spa,VERB,6,-1.0,13,0,9.591346154,tokaba,6,56
219626,222964,MAR,maria7,now,eng,ADV,3,1.48,1,0,3202.607843,naw,3,57
219626,222964,MAR,maria7,that,eng,SCONJ,4,1.54,2,0,14111.31373,ðæt,3,57
219626,222964,MAR,maria7,he,eng,PRON,2,3.93,3,0,7637.196078,hi,2,57
219626,222964,MAR,maria7,has,eng,VERB,3,-1.0,4,0,1133.921569,hæz,3,57
219626,222964,MAR,maria7,it,eng,PRON,2,2.81,5,0,18896.31373,ɪt,2,57
219626,222964,MAR,maria7,it,eng,PRON,2,2.81,6,0,18896.31373,ɪt,2,57
219626,222964,MAR,maria7,'s,eng,VERB,1,-1.0,7,0,-1.0,z,1,57
219626,222964,MAR,maria7,a,eng,DET,1,1.46,8,0,20415.27451,ə,1,57
219626,222964,MAR,maria7,little,eng,ADJ,6,3.67,9,0,1446.392157,lɪtəl,5,57
219626,222964,MAR,maria7,bit,eng,NOUN,3,3.27,10,0,235.0392157,bɪt,3,57
219626,222964,MAR,maria7,lower,eng,ADJ,5,2.76,11,0,27.78431373,lowɹ̩,5,57
222951,224361,MAR,maria7,go,eng,VERB,2,3.15,1,0,3793.039216,ɡow,3,58
222951,224361,MAR,maria7,away,eng,ADV,4,2.23,2,0,730.9019608,əwej,4,58
224351,227364,MAR,maria7,all,eng,ADV,3,2.27,1,0,5161.862745,ɔl,2,59
224351,227364,MAR,maria7,right,eng,ADJ,5,3.47,2,0,4008.392157,ɹajt,4,59
227349,229253,MAR,maria7,thank,eng,VERB,5,3.0,1,0,1115.235294,θæŋk,4,60
227349,229253,MAR,maria7,you,eng,PRON,3,4.11,2,0,41857.11765,ju,2,60
227349,229253,MAR,maria7,much,eng,ADV,4,1.69,3,1,973.254902,mʌt͡ʃ,5,60
227349,229253,MAR,maria7,anybody,eng,PRON,7,2.67,4,0,226.9215686,ɛnibədi,7,60
227349,229253,MAR,maria7,need,eng,VERB,4,1.69,5,0,1294.901961,nid,3,60
227349,229253,MAR,maria7,anything,eng,PRON,8,1.38,6,0,907.254902,ɛniθɪŋ,6,60
227349,229253,MAR,maria7,from,eng,ADP,4,1.84,7,0,2039.058824,fɹʌm,4,60
230837,232730,MAR,maria7,no,eng,INTJ,2,2.45,1,1,5971.54902,now,3,61
230837,232730,MAR,maria7,she,eng,PRON,3,3.36,2,0,3732.882353,ʃi,2,61
230837,232730,MAR,maria7,is,eng,AUX,2,1.59,3,0,9013.0,ɪz,2,61
230837,232730,MAR,maria7,gon+,eng,VERB,3,2.69,4,0,1996.156863,ɡɑn,3,61
230837,232730,MAR,maria7,na,eng,PART,2,1.55,5,0,1996.156863,nɑ,2,61
230837,232730,MAR,maria7,send,eng,VERB,4,2.7,6,0,179.7843137,sɛnd,4,61
230837,232730,MAR,maria7,you,eng,PRON,3,4.11,7,0,41857.11765,ju,2,61
230837,232730,MAR,maria7,something,eng,PRON,9,1.82,8,0,1500.156863,sʌmθɪŋ,6,61
232633,233602,MAR,maria7,is,eng,VERB,2,1.59,1,0,9013.0,ɪz,2,62
232633,233602,MAR,maria7,that,eng,PRON,4,1.54,2,0,14111.31373,ðæt,3,62
232633,233602,MAR,maria7,hannah,shared_en,PROPN,6,-1.0,3,0,-1.0,hænə,4,62
233585,234740,MAR,maria7,yes,eng,INTJ,3,2.14,1,0,1996.764706,jɛs,3,63
233585,234740,MAR,maria7,that,eng,PRON,4,1.54,2,0,14111.31373,ðæt,3,63
233585,234740,MAR,maria7,is,eng,VERB,2,1.59,3,0,9013.0,ɪz,2,63
233585,234740,MAR,maria7,hannah,shared_en,PROPN,6,-1.0,4,0,-1.0,hænə,4,63
234740,237387,MAR,maria7,she,eng,PRON,3,3.36,1,0,3732.882353,ʃi,2,64
234740,237387,MAR,maria7,'s,eng,AUX,1,-1.0,2,0,-1.0,z,1,64
234740,237387,MAR,maria7,smiling,eng,VERB,7,3.88,3,0,17.19607843,smajlɪŋ,7,64
243246,246172,MAR,maria7,did,eng,VERB,3,2.45,1,0,2341.372549,dɪd,3,65
243246,246172,MAR,maria7,you,eng,PRON,3,4.11,2,0,41857.11765,ju,2,65
243246,246172,MAR,maria7,hear,eng,VERB,4,3.66,3,0,555.3529412,hɪɹ,3,65
243246,246172,MAR,maria7,hannah,shared_en,PROPN,6,-1.0,4,0,-1.0,hænə,4,65
246161,248779,MAR,maria7,peter,shared_en,PROPN,5,3.68,1,0,90.11764706,pitɹ̩,5,66
246161,248779,MAR,maria7,james,shared_en,PROPN,5,-1.0,2,0,65.84313725,d͡ʒejmz,7,66
246161,248779,MAR,maria7,and,eng,CONJ,3,1.52,3,0,13387.84314,ænd,3,66
246161,248779,MAR,maria7,lauren,shared_en,PROPN,6,-1.0,4,0,-1.0,lɔɹən,5,66
251135,251768,MAR,maria7,all,eng,ADV,3,2.27,1,0,5161.862745,ɔl,2,67
251135,251768,MAR,maria7,right,eng,ADJ,5,3.47,2,0,4008.392157,ɹajt,4,67
251756,252917,MAR,maria7,ok,shared_other,INTJ,2,2.11,1,0,508.3921569,owkej,5,68
251756,252917,MAR,maria7,bye,eng,INTJ,3,2.25,2,0,180.0784314,baj,3,68
253474,254752,MAR,maria7,all,eng,ADV,3,2.27,1,0,5161.862745,ɔl,2,69
253474,254752,MAR,maria7,right,eng,ADJ,5,3.47,2,0,4008.392157,ɹajt,4,69
253474,254752,MAR,maria7,bye,eng,INTJ,3,2.25,3,0,180.0784314,baj,3,69
254742,260485,MAR,maria7,he,eng,PRON,2,3.93,1,0,7637.196078,hi,2,70
254742,260485,MAR,maria7,said,eng,VERB,4,2.97,2,0,1108.45098,sɛd,3,70
254742,260485,MAR,maria7,he,eng,PRON,2,3.93,3,0,7637.196078,hi,2,70
254742,260485,MAR,maria7,talked,eng,VERB,6,-1.0,4,0,102.4705882,tɔkt,4,70
254742,260485,MAR,maria7,to,eng,ADP,2,1.55,5,0,22677.84314,tə,2,70
254742,260485,MAR,maria7,juana,shared_es,PROPN,5,-1.0,6,0,-1.0,wɑnə,4,70
254742,260485,MAR,maria7,he,eng,PRON,2,3.93,7,0,7637.196078,hi,2,70
254742,260485,MAR,maria7,talked,eng,VERB,6,-1.0,8,0,102.4705882,tɔkt,4,70
254742,260485,MAR,maria7,to,eng,ADP,2,1.55,9,0,22677.84314,tə,2,70
254742,260485,MAR,maria7,katherine,shared_en,PROPN,9,-1.0,10,0,7.039215686,kæθɹ̩ɪn,7,70
254742,260485,MAR,maria7,and,eng,CONJ,3,1.52,11,0,13387.84314,ænd,3,70
254742,260485,MAR,maria7,he,eng,PRON,2,3.93,12,0,7637.196078,hi,2,70
254742,260485,MAR,maria7,says,eng,VERB,4,-1.0,13,0,320.7058824,sɛz,3,70
254742,260485,MAR,maria7,who,eng,PRON,3,1.74,14,0,2222.941176,hu,2,70
254742,260485,MAR,maria7,do,eng,AUX,2,2.46,15,0,6135.588235,du,2,70
254742,260485,MAR,maria7,i,eng,PRON,1,-1.0,16,0,39971.15686,aj,2,70
254742,260485,MAR,maria7,have,eng,VERB,4,2.18,17,0,6161.411765,hæv,3,70
254742,260485,MAR,maria7,left,eng,VERB,4,3.7,18,0,484.4509804,lɛft,4,70
254742,260485,MAR,maria7,over,eng,ADV,4,2.46,19,0,1323.294118,owvɹ̩,5,70
254742,260485,MAR,maria7,there,eng,ADV,5,2.2,20,0,4348.117647,ðɛɹ,3,70
254742,260485,MAR,maria7,to,eng,PART,2,1.55,21,0,22677.84314,tə,2,70
254742,260485,MAR,maria7,bring,eng,VERB,5,2.55,22,0,327.1568627,bɹɪŋ,4,70
254742,260485,MAR,maria7,in,eng,ADP,2,3.0,23,1,9773.411765,ɪn,2,70
254742,260485,MAR,maria7,the,eng,DET,3,1.43,24,0,29449.17647,ðə,2,70
254742,260485,MAR,maria7,new,eng,ADJ,3,2.81,25,0,723.7843137,nu,2,70
254742,260485,MAR,maria7,year,eng,NOUN,4,3.25,26,0,277.9215686,jɪɹ,3,70
266746,267571,MAR,maria7,yes,eng,INTJ,3,2.14,1,0,1996.764706,jɛs,3,71
269714,273441,MAR,maria7,the,eng,DET,3,1.43,1,0,29449.17647,ðə,2,72
269714,273441,MAR,maria7,person,eng,NOUN,6,4.72,2,1,212.8823529,pɹ̩sən,6,72
269714,273441,MAR,maria7,who,eng,PRON,3,1.74,3,0,2222.941176,hu,2,72
269714,273441,MAR,maria7,is,eng,AUX,2,1.59,4,0,9013.0,ɪz,2,72
269714,273441,MAR,maria7,gon+,eng,VERB,3,2.69,5,0,1996.156863,ɡɑn,3,72
269714,273441,MAR,maria7,na,eng,PART,2,1.55,6,0,1996.156863,nɑ,2,72
269714,273441,MAR,maria7,try,eng,VERB,3,2.22,7,0,476.745098,tɹaj,4,72
269714,273441,MAR,maria7,and,eng,CONJ,3,1.52,8,0,13387.84314,ænd,3,72
269714,273441,MAR,maria7,transcribe,eng,VERB,10,3.38,9,0,0.117647059,tɹænskɹajb,10,72
269714,273441,MAR,maria7,this,eng,PRON,4,2.14,10,0,7978.72549,ðɪs,3,72
269714,273441,MAR,maria7,is,eng,AUX,2,1.59,11,0,9013.0,ɪz,2,72
269714,273441,MAR,maria7,gon+,eng,VERB,3,2.69,12,0,1996.156863,ɡɑn,3,72
269714,273441,MAR,maria7,na,eng,PART,2,1.55,13,0,1996.156863,nɑ,2,72
269714,273441,MAR,maria7,say,eng,VERB,3,2.58,14,0,1639.784314,sej,3,72
269714,273441,MAR,maria7,oh,shared_other,INTJ,2,1.48,15,0,3289.823529,ow,2,72
269714,273441,MAR,maria7,you,eng,PRON,3,4.11,16,0,41857.11765,ju,2,72
269714,273441,MAR,maria7,are,eng,AUX,3,1.96,17,0,5209.254902,ɑɹ,2,72
269714,273441,MAR,maria7,talking,eng,VERB,7,3.72,18,0,497.745098,tɔkɪŋ,5,72
269714,273441,MAR,maria7,about,eng,ADP,5,1.77,19,0,3631.490196,əbawt,5,72
269714,273441,MAR,maria7,us,eng,PRON,2,3.59,20,0,1695.647059,ʌs,2,72
