time_start,time_end,speakerId,convId,word,langId,posTag,word_length,concretenessRating,position_of_word,isCognate,subtlex_freq_per_million,ipa_word,length_in_phonemes_ipa,uttId
3059,4040,MAR,maria21,uhhuh,eng,INTJ,5,-1.0,1,0,-1.0,uhu,3,0
5410,6415,MAR,maria21,esperando,spa,VERB,9,-1.0,1,0,168.4375,espeɾando,9,1
9892,10694,MAR,maria21,uhhuh,eng,INTJ,5,-1.0,1,0,-1.0,uhu,3,2
13640,14354,MAR,maria21,uhhuh,eng,INTJ,5,-1.0,1,0,-1.0,uhu,3,3
17434,18113,MAR,maria21,uhhuh,eng,INTJ,5,-1.0,1,0,-1.0,uhu,3,4
20766,21544,MAR,maria21,aja,spa,INTJ,3,-1.0,1,0,13.34134615,axa,3,5
28753,30727,MAR,maria21,aqui,spa,ADV,4,-1.0,1,0,3875.144231,aki,3,6
28753,30727,MAR,maria21,bien,spa,ADV,4,-1.0,2,0,5804.591346,bjen,4,6
28753,30727,MAR,maria21,eh,shared_other,INTJ,2,1.04,3,0,51.35294118,ɛ,1,6
28753,30727,MAR,maria21,trabajando,spa,VERB,10,-1.0,4,0,140.1682692,tɾabaxando,10,6
30721,31209,MAR,maria21,y,spa,CONJ,1,-1.0,1,0,16547.47596,i,1,7
30721,31209,MAR,maria21,aqui,spa,ADV,4,-1.0,2,0,3875.144231,aki,3,7
30721,31209,MAR,maria21,estaba,spa,VERB,6,-1.0,3,0,1392.115385,estaba,6,7
31162,32265,MAR,maria21,llame,spa,VERB,5,-1.0,1,0,56.12980769,ʝame,4,8
31162,32265,MAR,maria21,a,spa,ADP,1,-1.0,2,0,23214.78365,a,1,8
32049,33877,MAR,maria21,ustedes,spa,PRON,7,-1.0,1,0,489.8557692,ustedes,7,9
32049,33877,MAR,maria21,tienen,spa,VERB,6,-1.0,2,0,530.8413462,tjenen,6,9
32049,33877,MAR,maria21,algo,spa,PRON,4,-1.0,3,0,2707.211538,alɡo,4,9
32049,33877,MAR,maria21,el,spa,DET,2,-1.0,4,0,17044.63942,el,2,9
32049,33877,MAR,maria21,jueves,spa,NOUN,6,-1.0,5,0,30.12019231,xwebes,6,9
34728,35761,MAR,maria21,a,spa,ADP,1,-1.0,1,0,23214.78365,a,1,10
34728,35761,MAR,maria21,las,spa,DET,3,-1.0,2,0,4633.389423,las,3,10
34728,35761,MAR,maria21,once,spa,NUM,4,-1.0,3,0,17.5,onse,4,10
36591,37189,MAR,maria21,uhhuh,eng,INTJ,5,-1.0,1,0,-1.0,uhu,3,11
38094,43167,MAR,maria21,no,spa,INTJ,2,-1.0,1,1,30664.78365,no,2,12
38094,43167,MAR,maria21,que,spa,SCONJ,3,-1.0,2,0,33771.92308,ke,2,12
38094,43167,MAR,maria21,el,spa,DET,2,-1.0,3,0,17044.63942,el,2,12
38094,43167,MAR,maria21,el,spa,DET,2,-1.0,4,0,17044.63942,el,2,12
38094,43167,MAR,maria21,el,spa,DET,2,-1.0,5,0,17044.63942,el,2,12
38094,43167,MAR,maria21,numero,spa,NOUN,6,-1.0,6,1,6.586538462,numeɾo,6,12
38094,43167,MAR,maria21,ese,spa,PRON,3,-1.0,7,0,1385.408654,ese,3,12
38094,43167,MAR,maria21,d+,spa,ADP,1,-1.0,8,0,3747.307692,de,2,12
38094,43167,MAR,maria21,el,spa,DET,2,-1.0,9,0,3747.307692,el,2,12
38094,43167,MAR,maria21,d+,spa,ADP,1,-1.0,10,0,3747.307692,de,2,12
38094,43167,MAR,maria21,el,spa,DET,2,-1.0,11,0,3747.307692,el,2,12
38094,43167,MAR,maria21,telefono,spa,NOUN,8,-1.0,12,1,238.6298077,telefono,8,12
38094,43167,MAR,maria21,que,spa,PRON,3,-1.0,13,0,33771.92308,ke,2,12
38094,43167,MAR,maria21,papa,shared_es,NOUN,4,5.4,14,0,27.5,papa,4,12
38094,43167,MAR,maria21,me,spa,PRON,2,-1.0,15,0,9838.629808,me,2,12
38094,43167,MAR,maria21,ha,spa,AUX,2,-1.0,16,0,1496.971154,a,1,12
38094,43167,MAR,maria21,dado,spa,VERB,4,-1.0,17,0,113.1490385,dado,4,12
38094,43167,MAR,maria21,que,spa,PRON,3,-1.0,18,0,33771.92308,ke,2,12
38094,43167,MAR,maria21,habia,spa,AUX,5,-1.0,19,0,659.6394231,abja,4,12
38094,43167,MAR,maria21,salido,spa,VERB,6,-1.0,20,0,43.26923077,salido,6,12
38094,43167,MAR,maria21,en,spa,ADP,2,-1.0,21,1,15578.00481,en,2,12
38094,43167,MAR,maria21,el,spa,DET,2,-1.0,22,0,17044.63942,el,2,12
38094,43167,MAR,maria21,periodico,spa,NOUN,9,-1.0,23,1,37.42788462,peɾjodiko,9,12
43454,46664,MAR,maria21,lo,spa,PRON,2,-1.0,1,0,14864.56731,lo,2,13
43454,46664,MAR,maria21,llame,spa,VERB,5,-1.0,2,0,56.12980769,ʝame,4,13
43454,46664,MAR,maria21,porque,spa,SCONJ,6,-1.0,4,0,1683.846154,poɾke,5,13
43454,46664,MAR,maria21,ya,spa,ADV,2,-1.0,5,0,2667.427885,ia,2,13
43454,46664,MAR,maria21,me,spa,PRON,2,-1.0,6,0,9838.629808,me,2,13
43454,46664,MAR,maria21,canse,spa,VERB,5,-1.0,7,0,1.225961538,kanse,5,13
43454,46664,MAR,maria21,de,spa,ADP,2,-1.0,8,0,32894.6875,de,2,13
43454,46664,MAR,maria21,llamar,spa,VERB,6,-1.0,9,0,170.0961538,ʝamaɾ,5,13
43454,46664,MAR,maria21,a,spa,ADP,1,-1.0,10,0,23214.78365,a,1,13
43454,46664,MAR,maria21,los,spa,DET,3,-1.0,11,0,7082.019231,los,3,13
43454,46664,MAR,maria21,otros,spa,PRON,5,-1.0,12,0,242.4278846,otɾos,5,13
43454,46664,MAR,maria21,que,spa,SCONJ,3,-1.0,13,0,33771.92308,ke,2,13
43454,46664,MAR,maria21,me,spa,PRON,2,-1.0,14,0,9838.629808,me,2,13
43454,46664,MAR,maria21,dijeron,spa,VERB,7,-1.0,15,0,125.0480769,dixeɾon,7,13
43454,46664,MAR,maria21,que,spa,SCONJ,3,-1.0,16,0,33771.92308,ke,2,13
46641,49608,MAR,maria21,el,spa,DET,2,-1.0,1,0,17044.63942,el,2,14
46641,49608,MAR,maria21,tipo,spa,NOUN,4,-1.0,2,1,718.7740385,tipo,4,14
46641,49608,MAR,maria21,me,spa,PRON,2,-1.0,3,0,9838.629808,me,2,14
46641,49608,MAR,maria21,dijo,spa,VERB,4,-1.0,4,0,891.5865385,dixo,4,14
46641,49608,MAR,maria21,bueno,spa,INTJ,5,-1.0,6,0,2456.995192,bweno,5,14
46641,49608,MAR,maria21,nos,spa,PRON,3,-1.0,7,0,2137.956731,nos,3,14
46641,49608,MAR,maria21,acercamos,spa,VERB,9,-1.0,8,0,4.038461538,aseɾkamos,9,14
46641,49608,MAR,maria21,a,spa,ADP,1,-1.0,9,0,23214.78365,a,1,14
46641,49608,MAR,maria21,las,spa,DET,3,-1.0,10,0,4633.389423,las,3,14
46641,49608,MAR,maria21,mas,spa,ADJ,3,-1.0,12,0,120.5528846,mas,3,14
46641,49608,MAR,maria21,de,spa,ADP,2,-1.0,13,0,32894.6875,de,2,14
46641,49608,MAR,maria21,cien,spa,NUM,4,-1.0,14,0,38.36538462,sien,4,14
46641,49608,MAR,maria21,mil,spa,NUM,3,-1.0,15,0,132.2115385,mil,3,14
49621,51409,MAR,maria21,me,spa,PRON,2,-1.0,1,0,9838.629808,me,2,15
49621,51409,MAR,maria21,pregunto,spa,VERB,8,-1.0,2,0,74.49519231,pɾeɡwnto,8,15
49621,51409,MAR,maria21,cuanto,spa,ADV,6,-1.0,3,1,143.3894231,kwanto,6,15
49621,51409,MAR,maria21,era,spa,VERB,3,-1.0,4,0,1754.302885,eɾa,3,15
49621,51409,MAR,maria21,la,spa,DET,2,-1.0,5,0,21060.21635,la,2,15
49621,51409,MAR,maria21,de,spa,ADP,2,-1.0,6,0,32894.6875,de,2,15
49621,51409,MAR,maria21,papi,spa,NOUN,4,-1.0,7,0,73.87019231,papi,4,15
51403,52239,MAR,maria21,y,spa,CONJ,1,-1.0,1,0,16547.47596,i,1,16
51403,52239,MAR,maria21,yo,spa,PRON,2,-1.0,2,0,4513.533654,io,2,16
51403,52239,MAR,maria21,le,spa,PRON,2,-1.0,3,0,3339.038462,le,2,16
51403,52239,MAR,maria21,dije,spa,VERB,4,-1.0,4,0,686.8269231,dixe,4,16
51403,52239,MAR,maria21,que,spa,SCONJ,3,-1.0,5,0,33771.92308,ke,2,16
51403,52239,MAR,maria21,noventa,spa,NUM,7,-1.0,6,0,52.98076923,nobenta,7,16
52245,55889,MAR,maria21,me,spa,PRON,2,-1.0,1,0,9838.629808,me,2,17
52245,55889,MAR,maria21,dice,spa,VERB,4,-1.0,2,0,572.6201923,dise,4,17
52245,55889,MAR,maria21,bueno,spa,INTJ,5,-1.0,4,0,2456.995192,bweno,5,17
52245,55889,MAR,maria21,es,spa,VERB,2,-1.0,5,0,16779.42308,es,2,17
52245,55889,MAR,maria21,tan,spa,ADV,3,-1.0,6,0,1315.120192,tan,3,17
52245,55889,MAR,maria21,cerca,spa,ADV,5,-1.0,7,0,256.3461538,seɾka,5,17
52245,55889,MAR,maria21,se,spa,PRON,2,-1.0,8,0,7007.980769,se,2,17
52245,55889,MAR,maria21,puede,spa,AUX,5,-1.0,9,0,1261.754808,pwede,5,17
52245,55889,MAR,maria21,probar,spa,VERB,6,-1.0,10,1,64.39903846,pɾobaɾ,6,17
52245,55889,MAR,maria21,para,spa,ADP,4,-1.0,11,0,6524.206731,paɾa,4,17
52245,55889,MAR,maria21,ver,spa,VERB,3,-1.0,12,0,1097.572115,beɾ,3,17
52245,55889,MAR,maria21,si,spa,SCONJ,2,-1.0,13,0,5141.754808,si,2,17
52245,55889,MAR,maria21,alguien,spa,PRON,7,-1.0,14,0,1142.451923,alɡien,6,17
52245,55889,MAR,maria21,esta,spa,VERB,4,-1.0,15,0,2200.192308,esta,4,17
52245,55889,MAR,maria21,interesado,spa,VERB,10,-1.0,16,1,28.77403846,inteɾesado,10,17
63758,64478,MAR,maria21,alo,spa,INTJ,3,-1.0,1,0,3.990384615,alo,3,18
64820,67507,MAR,maria21,llame,spa,VERB,5,-1.0,1,0,56.12980769,ʝame,4,19
64820,67507,MAR,maria21,a+,spa,ADP,1,-1.0,2,0,3731.394231,a,1,19
64820,67507,MAR,maria21,l,spa,DET,1,-1.0,3,0,3731.394231,el,2,19
64820,67507,MAR,maria21,el,spa,DET,2,-1.0,4,0,17044.63942,el,2,19
64820,67507,MAR,maria21,numero,spa,NOUN,6,-1.0,5,1,6.586538462,numeɾo,6,19
64820,67507,MAR,maria21,de,spa,ADP,2,-1.0,6,0,32894.6875,de,2,19
64820,67507,MAR,maria21,d+,spa,ADP,1,-1.0,7,0,3747.307692,de,2,19
64820,67507,MAR,maria21,el,spa,DET,2,-1.0,8,0,3747.307692,el,2,19
67482,69874,MAR,maria21,que,spa,SCONJ,3,-1.0,1,0,33771.92308,ke,2,20
67482,69874,MAR,maria21,ya,spa,ADV,2,-1.0,2,0,2667.427885,ia,2,20
67482,69874,MAR,maria21,yo,spa,PRON,2,-1.0,3,0,4513.533654,io,2,20
67482,69874,MAR,maria21,habia,spa,AUX,5,-1.0,4,0,659.6394231,abja,4,20
67482,69874,MAR,maria21,encontrado,spa,VERB,10,-1.0,5,1,75.0,enkontɾado,10,20
67482,69874,MAR,maria21,esa,spa,DET,3,-1.0,6,0,1276.322115,esa,3,20
67482,69874,MAR,maria21,misma,spa,ADJ,5,-1.0,7,0,221.2740385,misma,5,20
67482,69874,MAR,maria21,compania,spa,NOUN,8,-1.0,8,1,131.3461538,kompanja,8,20
67482,69874,MAR,maria21,en,spa,ADP,2,-1.0,9,1,15578.00481,en,2,20
67482,69874,MAR,maria21,el,spa,DET,2,-1.0,10,0,17044.63942,el,2,20
67482,69874,MAR,maria21,website,shared_en,NOUN,7,-1.0,11,0,0.769230769,website,7,20
70064,74400,MAR,maria21,mm,shared_en,INTJ,2,-1.0,1,0,31.09803922,m,1,21
70064,74400,MAR,maria21,d+,spa,ADP,1,-1.0,2,0,3747.307692,de,2,21
70064,74400,MAR,maria21,el,spa,DET,2,-1.0,3,0,3747.307692,el,2,21
70064,74400,MAR,maria21,el,spa,DET,2,-1.0,4,0,17044.63942,el,2,21
70064,74400,MAR,maria21,articulo,spa,NOUN,8,-1.0,5,1,0.9375,aɾtikulo,8,21
70064,74400,MAR,maria21,ese,spa,PRON,3,-1.0,6,0,1385.408654,ese,3,21
70064,74400,MAR,maria21,que,spa,PRON,3,-1.0,7,0,33771.92308,ke,2,21
70064,74400,MAR,maria21,tu,spa,PRON,2,-1.0,8,0,4002.692308,tu,2,21
70064,74400,MAR,maria21,habias,spa,AUX,6,-1.0,9,0,63.29326923,abjas,5,21
70064,74400,MAR,maria21,encontrado,spa,VERB,10,-1.0,10,1,75.0,enkontɾado,10,21
74692,80911,MAR,maria21,eh,shared_other,INTJ,2,1.04,1,0,51.35294118,ɛ,1,22
74692,80911,MAR,maria21,y,spa,CONJ,1,-1.0,2,0,16547.47596,i,1,22
74692,80911,MAR,maria21,el,spa,DET,2,-1.0,3,0,17044.63942,el,2,22
74692,80911,MAR,maria21,hombre,spa,NOUN,6,-1.0,4,0,1047.355769,ombɾe,5,22
74692,80911,MAR,maria21,me,spa,PRON,2,-1.0,5,0,9838.629808,me,2,22
74692,80911,MAR,maria21,me,spa,PRON,2,-1.0,7,0,9838.629808,me,2,22
74692,80911,MAR,maria21,el,spa,DET,2,-1.0,8,0,17044.63942,el,2,22
74692,80911,MAR,maria21,tipo,spa,NOUN,4,-1.0,9,1,718.7740385,tipo,4,22
74692,80911,MAR,maria21,el,spa,DET,2,-1.0,11,0,17044.63942,el,2,22
74692,80911,MAR,maria21,muchacho,spa,NOUN,8,-1.0,12,0,133.7740385,mut͡ʃat͡ʃo,10,22
74692,80911,MAR,maria21,agradable,spa,ADJ,9,-1.0,13,1,66.49038462,aɡɾadable,9,22
74692,80911,MAR,maria21,me,spa,PRON,2,-1.0,14,0,9838.629808,me,2,22
74692,80911,MAR,maria21,dice,spa,VERB,4,-1.0,15,0,572.6201923,dise,4,22
74692,80911,MAR,maria21,bueno,spa,INTJ,5,-1.0,17,0,2456.995192,bweno,5,22
74692,80911,MAR,maria21,por,spa,ADP,3,-1.0,18,1,10498.96635,poɾ,3,22
74692,80911,MAR,maria21,lo,spa,DET,2,-1.0,19,0,14864.56731,lo,2,22
74692,80911,MAR,maria21,general,spa,NOUN,7,-1.0,20,1,140.8413462,xeneɾal,7,22
74692,80911,MAR,maria21,ellos,spa,PRON,5,-1.0,21,0,670.9615385,eʝos,4,22
74692,80911,MAR,maria21,son,spa,VERB,3,-1.0,22,0,1641.514423,son,3,22
74692,80911,MAR,maria21,mas,spa,ADJ,3,-1.0,23,0,120.5528846,mas,3,22
74692,80911,MAR,maria21,de,spa,ADP,2,-1.0,24,0,32894.6875,de,2,22
74692,80911,MAR,maria21,cien,spa,NUM,4,-1.0,25,0,38.36538462,sien,4,22
74692,80911,MAR,maria21,mil,spa,NUM,3,-1.0,26,0,132.2115385,mil,3,22
80924,82346,MAR,maria21,y,spa,CONJ,1,-1.0,1,0,16547.47596,i,1,23
80924,82346,MAR,maria21,entonces,spa,ADV,8,-1.0,2,0,1348.918269,entonses,8,23
80924,82346,MAR,maria21,me,spa,PRON,2,-1.0,3,0,9838.629808,me,2,23
80924,82346,MAR,maria21,pregunto,spa,VERB,8,-1.0,4,0,74.49519231,pɾeɡwnto,8,23
80924,82346,MAR,maria21,cuanto,spa,ADV,6,-1.0,5,1,143.3894231,kwanto,6,23
80924,82346,MAR,maria21,era,spa,VERB,3,-1.0,6,0,1754.302885,eɾa,3,23
80924,82346,MAR,maria21,la,spa,PRON,2,-1.0,7,0,21060.21635,la,2,23
80924,82346,MAR,maria21,tuya,spa,ADJ,4,-1.0,8,0,89.11057692,tuia,4,23
83281,84320,MAR,maria21,y,spa,CONJ,1,-1.0,1,0,16547.47596,i,1,24
83281,84320,MAR,maria21,le,spa,PRON,2,-1.0,2,0,3339.038462,le,2,24
83281,84320,MAR,maria21,dije,spa,VERB,4,-1.0,3,0,686.8269231,dixe,4,24
83281,84320,MAR,maria21,que,spa,SCONJ,3,-1.0,4,0,33771.92308,ke,2,24
83281,84320,MAR,maria21,era,spa,VERB,3,-1.0,5,0,1754.302885,eɾa,3,24
83281,84320,MAR,maria21,mas,spa,ADV,3,-1.0,6,0,120.5528846,mas,3,24
83281,84320,MAR,maria21,de,spa,ADP,2,-1.0,7,0,32894.6875,de,2,24
83281,84320,MAR,maria21,cien,spa,NUM,4,-1.0,8,0,38.36538462,sien,4,24
83281,84320,MAR,maria21,mil,spa,NUM,3,-1.0,9,0,132.2115385,mil,3,24
85292,87022,MAR,maria21,y,spa,CONJ,1,-1.0,1,0,16547.47596,i,1,25
85292,87022,MAR,maria21,le,spa,PRON,2,-1.0,2,0,3339.038462,le,2,25
85292,87022,MAR,maria21,dije,spa,VERB,4,-1.0,3,0,686.8269231,dixe,4,25
85292,87022,MAR,maria21,bueno,spa,INTJ,5,-1.0,5,0,2456.995192,bweno,5,25
85292,87022,MAR,maria21,la,spa,DET,2,-1.0,6,0,21060.21635,la,2,25
85292,87022,MAR,maria21,tuya,spa,ADJ,4,-1.0,7,0,89.11057692,tuia,4,25
85292,87022,MAR,maria21,es,spa,VERB,2,-1.0,8,0,16779.42308,es,2,25
85292,87022,MAR,maria21,de,spa,ADP,2,-1.0,9,0,32894.6875,de,2,25
85292,87022,MAR,maria21,noventa,spa,NUM,7,-1.0,10,0,52.98076923,nobenta,7,25
87016,94850,MAR,maria21,y,spa,CONJ,1,-1.0,1,0,16547.47596,i,1,26
87016,94850,MAR,maria21,me,spa,PRON,2,-1.0,2,0,9838.629808,me,2,26
87016,94850,MAR,maria21,dice,spa,VERB,4,-1.0,3,0,572.6201923,dise,4,26
87016,94850,MAR,maria21,bueno,spa,INTJ,5,-1.0,5,0,2456.995192,bweno,5,26
87016,94850,MAR,maria21,es,spa,VERB,2,-1.0,6,0,16779.42308,es,2,26
87016,94850,MAR,maria21,tan,spa,ADV,3,-1.0,7,0,1315.120192,tan,3,26
87016,94850,MAR,maria21,cerca,spa,ADV,5,-1.0,8,0,256.3461538,seɾka,5,26
87016,94850,MAR,maria21,cien,spa,NUM,4,-1.0,9,0,38.36538462,sien,4,26
87016,94850,MAR,maria21,mil,spa,NUM,3,-1.0,10,0,132.2115385,mil,3,26
87016,94850,MAR,maria21,por,spa,ADP,3,-1.0,11,1,10498.96635,poɾ,3,26
87016,94850,MAR,maria21,que,spa,PRON,3,-1.0,12,0,33771.92308,ke,2,26
87016,94850,MAR,maria21,no,spa,ADV,2,-1.0,13,1,30664.78365,no,2,26
87016,94850,MAR,maria21,vienes,spa,VERB,6,-1.0,14,0,72.42788462,bjenes,6,26
87016,94850,MAR,maria21,no,spa,INTJ,2,-1.0,15,1,30664.78365,no,2,26
87016,94850,MAR,maria21,te,spa,PRON,2,-1.0,16,1,8240.192308,te,2,26
87016,94850,MAR,maria21,cuesta,spa,VERB,6,-1.0,17,0,48.94230769,kwesta,6,26
87016,94850,MAR,maria21,nada,spa,PRON,4,-1.0,18,0,2096.658654,nada,4,26
87016,94850,MAR,maria21,podemos,spa,VERB,7,-1.0,19,0,651.5865385,podemos,7,26
87016,94850,MAR,maria21,a,spa,ADP,1,-1.0,21,0,23214.78365,a,1,26
87016,94850,MAR,maria21,ver,spa,VERB,3,-1.0,22,0,1097.572115,beɾ,3,26
87016,94850,MAR,maria21,si,spa,SCONJ,2,-1.0,23,0,5141.754808,si,2,26
87016,94850,MAR,maria21,hay,spa,VERB,3,-1.0,24,0,2372.5,ai,2,26
87016,94850,MAR,maria21,algun,spa,DET,5,-1.0,25,0,400.6490385,alɡwn,5,26
87016,94850,MAR,maria21,banco,spa,NOUN,5,5.05,26,1,76.89903846,banko,5,26
87016,94850,MAR,maria21,que,spa,PRON,3,-1.0,27,0,33771.92308,ke,2,26
87016,94850,MAR,maria21,este,spa,VERB,4,-1.0,28,0,1833.293269,este,4,26
87016,94850,MAR,maria21,interesado,spa,ADJ,10,-1.0,29,1,28.77403846,inteɾesado,10,26
87016,94850,MAR,maria21,en,spa,ADP,2,-1.0,30,1,15578.00481,en,2,26
87016,94850,MAR,maria21,comprar,spa,VERB,7,-1.0,31,0,112.8365385,kompɾaɾ,7,26
87016,94850,MAR,maria21,lo,spa,PRON,2,-1.0,32,0,14864.56731,lo,2,26
87016,94850,MAR,maria21,no,spa,ADV,2,-1.0,33,1,30664.78365,no,2,26
87016,94850,MAR,maria21,cuesta,spa,VERB,6,-1.0,34,0,48.94230769,kwesta,6,26
87016,94850,MAR,maria21,nada,spa,PRON,4,-1.0,35,0,2096.658654,nada,4,26
95100,102697,MAR,maria21,entonces,spa,ADV,8,-1.0,1,0,1348.918269,entonses,8,27
95100,102697,MAR,maria21,le,spa,PRON,2,-1.0,2,0,3339.038462,le,2,27
95100,102697,MAR,maria21,digo,spa,VERB,4,-1.0,3,0,411.9711538,diɡo,4,27
95100,102697,MAR,maria21,bueno,spa,INTJ,5,-1.0,5,0,2456.995192,bweno,5,27
95100,102697,MAR,maria21,no,spa,ADV,2,-1.0,6,1,30664.78365,no,2,27
95100,102697,MAR,maria21,me,spa,PRON,2,-1.0,7,0,9838.629808,me,2,27
95100,102697,MAR,maria21,habian,spa,AUX,6,-1.0,8,0,67.86057692,abjan,5,27
95100,102697,MAR,maria21,dicho,spa,VERB,5,-1.0,9,1,272.9086538,dit͡ʃo,6,27
95100,102697,MAR,maria21,que,spa,SCONJ,3,-1.0,10,0,33771.92308,ke,2,27
95100,102697,MAR,maria21,si,spa,SCONJ,2,-1.0,11,0,5141.754808,si,2,27
95100,102697,MAR,maria21,es,spa,VERB,2,-1.0,12,0,16779.42308,es,2,27
95100,102697,MAR,maria21,turn-light,eng,NOUN,10,-1.0,13,0,-1.0,tɹ̩n-lajt,9,27
95100,102697,MAR,maria21,ya,spa,ADV,2,-1.0,14,0,2667.427885,ia,2,27
95100,102697,MAR,maria21,tiene,spa,VERB,5,-1.0,15,0,1907.740385,tjene,5,27
95100,102697,MAR,maria21,mas,spa,ADV,3,-1.0,16,0,120.5528846,mas,3,27
95100,102697,MAR,maria21,de,spa,ADP,2,-1.0,17,0,32894.6875,de,2,27
95100,102697,MAR,maria21,setenta,spa,NUM,7,-1.0,18,0,5.240384615,setenta,7,27
95100,102697,MAR,maria21,y,spa,CONJ,1,-1.0,19,0,16547.47596,i,1,27
95100,102697,MAR,maria21,cinco,spa,NUM,5,-1.0,20,0,276.1057692,sinko,5,27
95100,102697,MAR,maria21,no,spa,ADV,2,-1.0,21,1,30664.78365,no,2,27
95100,102697,MAR,maria21,tiene,spa,VERB,5,-1.0,22,0,1907.740385,tjene,5,27
95100,102697,MAR,maria21,valor,spa,NOUN,5,-1.0,23,1,54.63942308,baloɾ,5,27
95100,102697,MAR,maria21,no,spa,INTJ,2,-1.0,24,1,30664.78365,no,2,27
95100,102697,MAR,maria21,bueno,spa,INTJ,5,-1.0,25,0,2456.995192,bweno,5,27
95100,102697,MAR,maria21,no,spa,ADV,2,-1.0,26,1,30664.78365,no,2,27
95100,102697,MAR,maria21,es,spa,VERB,2,-1.0,27,0,16779.42308,es,2,27
95100,102697,MAR,maria21,necesariamente,spa,ADV,14,-1.0,28,0,11.61057692,nesesaɾjamente,14,27
95100,102697,MAR,maria21,pasa,spa,VERB,4,-1.0,29,0,746.3942308,pasa,4,27
95100,102697,MAR,maria21,por,spa,ADP,3,-1.0,30,1,10498.96635,poɾ,3,27
95100,102697,MAR,maria21,las,spa,DET,3,-1.0,31,0,4633.389423,las,3,27
102545,104106,MAR,maria21,si,spa,SCONJ,2,-1.0,1,0,5141.754808,si,2,28
102545,104106,MAR,maria21,ellos,spa,PRON,5,-1.0,2,0,670.9615385,eʝos,4,28
102545,104106,MAR,maria21,pueden,spa,AUX,6,-1.0,3,0,366.7307692,pweden,6,28
102545,104106,MAR,maria21,seguir,spa,VERB,6,-1.0,4,0,179.8076923,seɡiɾ,5,28
102545,104106,MAR,maria21,pagando,spa,VERB,7,-1.0,5,0,12.37980769,paɡando,7,28
103984,106480,MAR,maria21,y,spa,CONJ,1,-1.0,1,0,16547.47596,i,1,29
103984,106480,MAR,maria21,le,spa,PRON,2,-1.0,2,0,3339.038462,le,2,29
103984,106480,MAR,maria21,ven,spa,VERB,3,-1.0,3,0,477.8365385,ben,3,29
103984,106480,MAR,maria21,un,spa,DET,2,-1.0,4,0,13081.08173,un,2,29
103984,106480,MAR,maria21,life,eng,NOUN,4,2.69,5,0,796.6470588,lajf,4,29
103984,106480,MAR,maria21,expectancy,eng,NOUN,10,1.85,6,0,0.62745098,ɪkspɛktənsi,11,29
103984,106480,MAR,maria21,report,eng,NOUN,6,3.92,7,1,108.0,ɹipɔɹt,6,29
106572,109564,MAR,maria21,eh,shared_other,INTJ,2,1.04,1,0,51.35294118,ɛ,1,30
106572,109564,MAR,maria21,pueden,spa,AUX,6,-1.0,2,0,366.7307692,pweden,6,30
106572,109564,MAR,maria21,ver,spa,VERB,3,-1.0,3,0,1097.572115,beɾ,3,30
106572,109564,MAR,maria21,que,spa,SCONJ,3,-1.0,4,0,33771.92308,ke,2,30
106572,109564,MAR,maria21,si,spa,INTJ,2,-1.0,5,0,5141.754808,si,2,30
106572,109564,MAR,maria21,les,spa,PRON,3,-1.0,6,0,804.5192308,les,3,30
106572,109564,MAR,maria21,les,spa,PRON,3,-1.0,8,0,804.5192308,les,3,30
106572,109564,MAR,maria21,conviene,spa,VERB,8,-1.0,9,0,13.67788462,konbjene,8,30
106572,109564,MAR,maria21,o,spa,CONJ,1,-1.0,10,1,2009.014423,o,1,30
106572,109564,MAR,maria21,no,spa,ADV,2,-1.0,11,1,30664.78365,no,2,30
106572,109564,MAR,maria21,les,spa,PRON,3,-1.0,12,0,804.5192308,les,3,30
106572,109564,MAR,maria21,conviene,spa,VERB,8,-1.0,13,0,13.67788462,konbjene,8,30
109616,112345,MAR,maria21,me,spa,PRON,2,-1.0,1,0,9838.629808,me,2,31
109616,112345,MAR,maria21,dice,spa,VERB,4,-1.0,2,0,572.6201923,dise,4,31
109616,112345,MAR,maria21,no,spa,ADV,2,-1.0,4,1,30664.78365,no,2,31
109616,112345,MAR,maria21,te,spa,PRON,2,-1.0,5,1,8240.192308,te,2,31
109616,112345,MAR,maria21,cuesta,spa,VERB,6,-1.0,6,0,48.94230769,kwesta,6,31
109616,112345,MAR,maria21,nada,spa,PRON,4,-1.0,7,0,2096.658654,nada,4,31
109616,112345,MAR,maria21,venir,spa,VERB,5,-1.0,8,0,286.5384615,beniɾ,5,31
109616,112345,MAR,maria21,y,spa,CONJ,1,-1.0,9,0,16547.47596,i,1,31
109616,112345,MAR,maria21,averiguar,spa,VERB,9,-1.0,10,0,46.92307692,abeɾiɡwaɾ,9,31
109616,112345,MAR,maria21,y,spa,CONJ,1,-1.0,11,0,16547.47596,i,1,31
109616,112345,MAR,maria21,eso,spa,PRON,3,-1.0,12,0,5017.596154,eso,3,31
112640,116646,MAR,maria21,entonces,spa,ADV,8,-1.0,1,0,1348.918269,entonses,8,32
112640,116646,MAR,maria21,me,spa,PRON,2,-1.0,2,0,9838.629808,me,2,32
112640,116646,MAR,maria21,dice,spa,VERB,4,-1.0,3,0,572.6201923,dise,4,32
112640,116646,MAR,maria21,que,spa,SCONJ,3,-1.0,4,0,33771.92308,ke,2,32
112640,116646,MAR,maria21,si,spa,SCONJ,2,-1.0,5,0,5141.754808,si,2,32
112640,116646,MAR,maria21,que,spa,SCONJ,3,-1.0,7,0,33771.92308,ke,2,32
112640,116646,MAR,maria21,nos,spa,PRON,3,-1.0,8,0,2137.956731,nos,3,32
112640,116646,MAR,maria21,hizo,spa,VERB,4,-1.0,9,0,471.3461538,ʝso,3,32
112640,116646,MAR,maria21,una,spa,DET,3,-1.0,10,0,8952.764423,una,3,32
112640,116646,MAR,maria21,cita,spa,NOUN,4,-1.0,11,1,149.1346154,sita,4,32
112640,116646,MAR,maria21,el,spa,DET,2,-1.0,12,0,17044.63942,el,2,32
112640,116646,MAR,maria21,el,spa,DET,2,-1.0,13,0,17044.63942,el,2,32
112640,116646,MAR,maria21,jueves,spa,NOUN,6,-1.0,14,0,30.12019231,xwebes,6,32
112640,116646,MAR,maria21,a,spa,ADP,1,-1.0,15,0,23214.78365,a,1,32
112640,116646,MAR,maria21,las,spa,DET,3,-1.0,16,0,4633.389423,las,3,32
112640,116646,MAR,maria21,once,spa,NUM,4,-1.0,17,0,17.5,onse,4,32
112640,116646,MAR,maria21,de,spa,ADP,2,-1.0,18,0,32894.6875,de,2,32
112640,116646,MAR,maria21,la,spa,DET,2,-1.0,19,0,21060.21635,la,2,32
112640,116646,MAR,maria21,manana,spa,NOUN,6,-1.0,20,0,637.9086538,manana,6,32
116568,117607,MAR,maria21,ustedes,spa,PRON,7,-1.0,1,0,489.8557692,ustedes,7,33
116568,117607,MAR,maria21,tienen,spa,VERB,6,-1.0,2,0,530.8413462,tjenen,6,33
116568,117607,MAR,maria21,algo,spa,PRON,4,-1.0,3,0,2707.211538,alɡo,4,33
124321,124966,MAR,maria21,ok,shared_other,INTJ,2,2.11,1,0,508.3921569,owkej,5,34
125823,127651,MAR,maria21,es,spa,VERB,2,-1.0,1,0,16779.42308,es,2,35
125823,127651,MAR,maria21,en,spa,ADP,2,-1.0,2,1,15578.00481,en,2,35
125823,127651,MAR,maria21,cerca,spa,ADV,5,-1.0,3,0,256.3461538,seɾka,5,35
125823,127651,MAR,maria21,d+,spa,ADP,1,-1.0,4,0,3747.307692,de,2,35
125823,127651,MAR,maria21,el,spa,DET,2,-1.0,5,0,3747.307692,el,2,35
125823,127651,MAR,maria21,aeropuerto,spa,NOUN,10,6.55,6,0,47.59615385,aeɾopweɾto,10,35
129848,130162,MAR,maria21,si,spa,INTJ,2,-1.0,1,0,5141.754808,si,2,36
129965,132571,MAR,maria21,ellos,spa,PRON,5,-1.0,1,0,670.9615385,eʝos,4,37
129965,132571,MAR,maria21,se,spa,PRON,2,-1.0,2,0,7007.980769,se,2,37
129965,132571,MAR,maria21,llaman,spa,VERB,6,-1.0,3,0,66.22596154,ʝaman,5,37
129965,132571,MAR,maria21,es,spa,VERB,2,-1.0,4,0,16779.42308,es,2,37
129965,132571,MAR,maria21,un,spa,DET,2,-1.0,5,0,13081.08173,un,2,37
129965,132571,MAR,maria21,brokers,eng,NOUN,7,-1.0,7,0,1.098039216,bɹowkɹ̩z,8,37
132720,136928,MAR,maria21,yo,spa,PRON,2,-1.0,1,0,4513.533654,io,2,38
132720,136928,MAR,maria21,no,spa,ADV,2,-1.0,2,1,30664.78365,no,2,38
132720,136928,MAR,maria21,lo,spa,PRON,2,-1.0,3,0,14864.56731,lo,2,38
132720,136928,MAR,maria21,habia,spa,AUX,5,-1.0,4,0,659.6394231,abja,4,38
132720,136928,MAR,maria21,llamado,spa,VERB,7,-1.0,5,0,141.2740385,ʝamado,6,38
132720,136928,MAR,maria21,porque,spa,SCONJ,6,-1.0,6,0,1683.846154,poɾke,5,38
132720,136928,MAR,maria21,pedro,shared_es,PROPN,5,-1.0,7,0,6.68627451,pejdɹow,7,38
132720,136928,MAR,maria21,habia,spa,AUX,5,-1.0,8,0,659.6394231,abja,4,38
132720,136928,MAR,maria21,dicho,spa,VERB,5,-1.0,9,1,272.9086538,dit͡ʃo,6,38
132720,136928,MAR,maria21,no,spa,INTJ,2,-1.0,11,1,30664.78365,no,2,38
132720,136928,MAR,maria21,que,spa,SCONJ,3,-1.0,12,0,33771.92308,ke,2,38
132720,136928,MAR,maria21,si,spa,SCONJ,2,-1.0,13,0,5141.754808,si,2,38
132720,136928,MAR,maria21,no,spa,ADV,2,-1.0,14,1,30664.78365,no,2,38
132720,136928,MAR,maria21,estaban,spa,VERB,7,-1.0,15,0,167.9086538,estaban,7,38
132720,136928,MAR,maria21,en,spa,ADP,2,-1.0,16,1,15578.00481,en,2,38
132720,136928,MAR,maria21,la,spa,DET,2,-1.0,17,0,21060.21635,la,2,38
132720,136928,MAR,maria21,lista,spa,NOUN,5,3.95,18,1,244.0384615,lista,5,38
132720,136928,MAR,maria21,que,spa,SCONJ,3,-1.0,19,0,33771.92308,ke,2,38
132720,136928,MAR,maria21,si,spa,SCONJ,2,-1.0,20,0,5141.754808,si,2,38
132720,136928,MAR,maria21,no,spa,ADV,2,-1.0,21,1,30664.78365,no,2,38
132720,136928,MAR,maria21,se,spa,VERB,2,-1.0,22,0,7007.980769,se,2,38
132720,136928,MAR,maria21,que,spa,PRON,3,-1.0,23,0,33771.92308,ke,2,38
132720,136928,MAR,maria21,que,spa,SCONJ,3,-1.0,24,0,33771.92308,ke,2,38
132720,136928,MAR,maria21,si,spa,SCONJ,2,-1.0,25,0,5141.754808,si,2,38
132720,136928,MAR,maria21,no,spa,INTJ,2,-1.0,26,1,30664.78365,no,2,38
132720,136928,MAR,maria21,se,spa,VERB,2,-1.0,27,0,7007.980769,se,2,38
132720,136928,MAR,maria21,cuanto,spa,ADV,6,-1.0,28,1,143.3894231,kwanto,6,38
137204,143137,MAR,maria21,pero,spa,CONJ,4,-1.0,1,0,5373.509615,peɾo,4,39
137204,143137,MAR,maria21,como,spa,SCONJ,4,-1.0,2,0,3595.841346,komo,4,39
137204,143137,MAR,maria21,todas,spa,DET,5,-1.0,3,0,491.1298077,todas,5,39
137204,143137,MAR,maria21,las,spa,DET,3,-1.0,4,0,4633.389423,las,3,39
137204,143137,MAR,maria21,otras,spa,DET,5,-1.0,5,0,147.1634615,otɾas,5,39
137204,143137,MAR,maria21,demas,spa,PRON,5,-1.0,6,0,136.7307692,demas,5,39
137204,143137,MAR,maria21,no,spa,INTJ,2,-1.0,7,1,30664.78365,no,2,39
137204,143137,MAR,maria21,me,spa,PRON,2,-1.0,8,0,9838.629808,me,2,39
137204,143137,MAR,maria21,han,spa,AUX,3,-1.0,9,0,508.4615385,an,2,39
137204,143137,MAR,maria21,dado,spa,VERB,4,-1.0,10,0,113.1490385,dado,4,39
137204,143137,MAR,maria21,ningun,spa,DET,6,-1.0,11,0,256.7788462,ninɡwn,6,39
137204,143137,MAR,maria21,calor,spa,NOUN,5,-1.0,12,0,60.04807692,kaloɾ,5,39
137204,143137,MAR,maria21,deja,spa,VERB,4,-1.0,13,0,276.5625,dexa,4,39
137204,143137,MAR,maria21,me,spa,PRON,2,-1.0,14,0,9838.629808,me,2,39
137204,143137,MAR,maria21,deja,spa,VERB,4,-1.0,15,0,276.5625,dexa,4,39
137204,143137,MAR,maria21,me,spa,PRON,2,-1.0,16,0,9838.629808,me,2,39
137204,143137,MAR,maria21,llamar,spa,VERB,6,-1.0,17,0,170.0961538,ʝamaɾ,5,39
137204,143137,MAR,maria21,a+,spa,ADP,1,-1.0,18,0,3731.394231,a,1,39
137204,143137,MAR,maria21,l,spa,DET,1,-1.0,19,0,3731.394231,el,2,39
137204,143137,MAR,maria21,numero,spa,NOUN,6,-1.0,20,1,6.586538462,numeɾo,6,39
137204,143137,MAR,maria21,que,spa,SCONJ,3,-1.0,21,0,33771.92308,ke,2,39
137204,143137,MAR,maria21,ellos,spa,PRON,5,-1.0,22,0,670.9615385,eʝos,4,39
137204,143137,MAR,maria21,tienen,spa,VERB,6,-1.0,23,0,530.8413462,tjenen,6,39
137204,143137,MAR,maria21,aqui,spa,ADV,4,-1.0,24,0,3875.144231,aki,3,39
143382,144270,MAR,maria21,entonces,spa,ADV,8,-1.0,1,0,1348.918269,entonses,8,40
144322,145309,MAR,maria21,entonces,spa,ADV,8,-1.0,1,0,1348.918269,entonses,8,41
144322,145309,MAR,maria21,exacto,spa,ADJ,6,-1.0,2,1,59.97596154,eksakto,7,41
145265,147871,MAR,maria21,entonces,spa,ADV,8,-1.0,1,0,1348.918269,entonses,8,42
145265,147871,MAR,maria21,me,spa,PRON,2,-1.0,2,0,9838.629808,me,2,42
145265,147871,MAR,maria21,dice,spa,VERB,4,-1.0,3,0,572.6201923,dise,4,42
145265,147871,MAR,maria21,bueno,spa,INTJ,5,-1.0,5,0,2456.995192,bweno,5,42
145265,147871,MAR,maria21,y,spa,CONJ,1,-1.0,6,0,16547.47596,i,1,42
145265,147871,MAR,maria21,y,spa,CONJ,1,-1.0,8,0,16547.47596,i,1,42
145265,147871,MAR,maria21,que,spa,SCONJ,3,-1.0,9,0,33771.92308,ke,2,42
145265,147871,MAR,maria21,traiga,spa,VERB,6,-1.0,10,0,18.87019231,tɾaiɡa,6,42
145265,147871,MAR,maria21,los,spa,DET,3,-1.0,11,0,7082.019231,los,3,42
145265,147871,MAR,maria21,papeles,spa,NOUN,7,-1.0,12,0,36.51442308,papeles,7,42
145265,147871,MAR,maria21,que,spa,SCONJ,3,-1.0,13,0,33771.92308,ke,2,42
145265,147871,MAR,maria21,tiene,spa,VERB,5,-1.0,14,0,1907.740385,tjene,5,42
147865,152641,MAR,maria21,y,spa,CONJ,1,-1.0,1,0,16547.47596,i,1,43
147865,152641,MAR,maria21,le,spa,PRON,2,-1.0,2,0,3339.038462,le,2,43
147865,152641,MAR,maria21,digo,spa,VERB,4,-1.0,3,0,411.9711538,diɡo,4,43
147865,152641,MAR,maria21,bueno,spa,INTJ,5,-1.0,5,0,2456.995192,bweno,5,43
147865,152641,MAR,maria21,lo,spa,PRON,2,-1.0,6,0,14864.56731,lo,2,43
147865,152641,MAR,maria21,que,spa,PRON,3,-1.0,7,0,33771.92308,ke,2,43
147865,152641,MAR,maria21,el,spa,PRON,2,-1.0,8,0,17044.63942,el,2,43
147865,152641,MAR,maria21,tiene,spa,VERB,5,-1.0,9,0,1907.740385,tjene,5,43
147865,152641,MAR,maria21,es,spa,VERB,2,-1.0,10,0,16779.42308,es,2,43
147865,152641,MAR,maria21,un,spa,DET,2,-1.0,11,0,13081.08173,un,2,43
147865,152641,MAR,maria21,certificate,eng,NOUN,11,4.59,12,0,8.980392157,sɹ̩tʌfəkət,10,43
147865,152641,MAR,maria21,specification,eng,NOUN,13,2.45,13,0,0.156862745,spɛsɪfɪkejʃən,13,43
147865,152641,MAR,maria21,que,spa,PRON,3,-1.0,14,0,33771.92308,ke,2,43
147865,152641,MAR,maria21,la,spa,DET,2,-1.0,15,0,21060.21635,la,2,43
147865,152641,MAR,maria21,compania,spa,NOUN,8,-1.0,16,1,131.3461538,kompanja,8,43
147865,152641,MAR,maria21,se,spa,PRON,2,-1.0,17,0,7007.980769,se,2,43
147865,152641,MAR,maria21,lo,spa,PRON,2,-1.0,18,0,14864.56731,lo,2,43
147865,152641,MAR,maria21,ha,spa,AUX,2,-1.0,19,0,1496.971154,a,1,43
147865,152641,MAR,maria21,comprado,spa,VERB,8,-1.0,20,0,14.6875,kompɾado,8,43
147865,152641,MAR,maria21,con,spa,ADP,3,-1.0,21,0,7173.485577,kon,3,43
147865,152641,MAR,maria21,la,spa,DET,2,-1.0,22,0,21060.21635,la,2,43
147865,152641,MAR,maria21,i_t_t,shared_other,PROPN,5,-1.0,23,0,-1.0,aj_ti_ti,8,43
152595,154137,MAR,maria21,me,spa,PRON,2,-1.0,1,0,9838.629808,me,2,44
152595,154137,MAR,maria21,dice,spa,VERB,4,-1.0,2,0,572.6201923,dise,4,44
152595,154137,MAR,maria21,ay,shared_es,INTJ,2,-1.0,4,0,235.5288462,ai,2,44
152595,154137,MAR,maria21,mira,spa,VERB,4,-1.0,5,0,871.3942308,miɾa,4,44
152595,154137,MAR,maria21,que,spa,ADV,3,-1.0,6,0,33771.92308,ke,2,44
152595,154137,MAR,maria21,casualidad,spa,NOUN,10,2.6,7,1,24.85576923,kaswalidad,10,44
154195,158437,MAR,maria21,su,spa,DET,2,-1.0,1,0,4472.403846,su,2,45
154195,158437,MAR,maria21,suegro,spa,NOUN,6,-1.0,2,0,3.533653846,sweɡɾo,6,45
154195,158437,MAR,maria21,empezo,spa,VERB,6,-1.0,3,0,68.31730769,empeso,6,45
154195,158437,MAR,maria21,la,spa,DET,2,-1.0,4,0,21060.21635,la,2,45
154195,158437,MAR,maria21,compania,spa,NOUN,8,-1.0,5,1,131.3461538,kompanja,8,45
154195,158437,MAR,maria21,de,spa,ADP,2,-1.0,6,0,32894.6875,de,2,45
154195,158437,MAR,maria21,seguros,spa,NOUN,7,-1.0,7,0,45.69711538,seɡwɾos,7,45
154195,158437,MAR,maria21,con,spa,ADP,3,-1.0,8,0,7173.485577,kon,3,45
154195,158437,MAR,maria21,algo,spa,PRON,4,-1.0,9,0,2707.211538,alɡo,4,45
154195,158437,MAR,maria21,que,spa,PRON,3,-1.0,10,0,33771.92308,ke,2,45
154195,158437,MAR,maria21,estaba,spa,AUX,6,-1.0,11,0,1392.115385,estaba,6,45
154195,158437,MAR,maria21,haciendo,spa,VERB,8,-1.0,12,0,621.0096154,asiendo,7,45
154195,158437,MAR,maria21,para,spa,ADP,4,-1.0,13,0,6524.206731,paɾa,4,45
154195,158437,MAR,maria21,la,spa,DET,2,-1.0,14,0,21060.21635,la,2,45
154195,158437,MAR,maria21,i_t_t,shared_other,PROPN,5,-1.0,15,0,-1.0,aj_ti_ti,8,45
163063,163696,MAR,maria21,uhhuh,eng,INTJ,5,-1.0,1,0,-1.0,uhu,3,46
164337,166282,MAR,maria21,y,spa,CONJ,1,-1.0,1,0,16547.47596,i,1,47
164337,166282,MAR,maria21,el,spa,PRON,2,-1.0,2,0,17044.63942,el,2,47
164337,166282,MAR,maria21,dice,spa,VERB,4,-1.0,3,0,572.6201923,dise,4,47
164337,166282,MAR,maria21,exacto,spa,ADJ,6,-1.0,5,1,59.97596154,eksakto,7,47
166481,166801,MAR,maria21,si,spa,INTJ,2,-1.0,1,0,5141.754808,si,2,48
167211,170015,MAR,maria21,me,spa,PRON,2,-1.0,1,0,9838.629808,me,2,49
167211,170015,MAR,maria21,dice,spa,VERB,4,-1.0,2,0,572.6201923,dise,4,49
167211,170015,MAR,maria21,no,spa,ADV,2,-1.0,4,1,30664.78365,no,2,49
167211,170015,MAR,maria21,te,spa,PRON,2,-1.0,5,1,8240.192308,te,2,49
167211,170015,MAR,maria21,cuesta,spa,VERB,6,-1.0,6,0,48.94230769,kwesta,6,49
167211,170015,MAR,maria21,ver,spa,VERB,3,-1.0,7,0,1097.572115,beɾ,3,49
167211,170015,MAR,maria21,si,spa,SCONJ,2,-1.0,8,0,5141.754808,si,2,49
167211,170015,MAR,maria21,alguien,spa,PRON,7,-1.0,9,0,1142.451923,alɡien,6,49
167211,170015,MAR,maria21,lo,spa,PRON,2,-1.0,10,0,14864.56731,lo,2,49
167211,170015,MAR,maria21,viene,spa,AUX,5,-1.0,11,0,249.8317308,bjene,5,49
167211,170015,MAR,maria21,a,spa,ADP,1,-1.0,12,0,23214.78365,a,1,49
167211,170015,MAR,maria21,comprar,spa,VERB,7,-1.0,13,0,112.8365385,kompɾaɾ,7,49
167211,170015,MAR,maria21,o,spa,CONJ,1,-1.0,14,1,2009.014423,o,1,49
167211,170015,MAR,maria21,no,spa,INTJ,2,-1.0,15,1,30664.78365,no,2,49
174893,176763,MAR,maria21,bueno,spa,INTJ,5,-1.0,1,0,2456.995192,bweno,5,50
174893,176763,MAR,maria21,yo,spa,PRON,2,-1.0,2,0,4513.533654,io,2,50
174893,176763,MAR,maria21,estaba,spa,AUX,6,-1.0,3,0,1392.115385,estaba,6,50
174893,176763,MAR,maria21,leyendo,spa,VERB,7,-1.0,4,0,27.01923077,leiendo,7,50
174893,176763,MAR,maria21,la,spa,DET,2,-1.0,5,0,21060.21635,la,2,50
174893,176763,MAR,maria21,poliza,spa,NOUN,6,-1.0,6,0,4.471153846,polisa,6,50
176780,178516,MAR,maria21,y,spa,CONJ,1,-1.0,1,0,16547.47596,i,1,51
176780,178516,MAR,maria21,te,spa,PRON,2,-1.0,2,1,8240.192308,te,2,51
176780,178516,MAR,maria21,dan,spa,VERB,3,-1.0,3,0,165.0721154,dan,3,51
176780,178516,MAR,maria21,tiempo,spa,NOUN,6,-1.0,4,0,1296.971154,tjempo,6,51
178481,180739,MAR,maria21,o,spa,CONJ,1,-1.0,1,1,2009.014423,o,1,52
178481,180739,MAR,maria21,sea,spa,VERB,3,-1.0,2,0,910.1923077,sea,3,52
178481,180739,MAR,maria21,no,spa,ADV,2,-1.0,3,1,30664.78365,no,2,52
178481,180739,MAR,maria21,lo,spa,PRON,2,-1.0,4,0,14864.56731,lo,2,52
178481,180739,MAR,maria21,tienes,spa,AUX,6,-1.0,5,0,1730.793269,tjenes,6,52
178481,180739,MAR,maria21,que,spa,SCONJ,3,-1.0,6,0,33771.92308,ke,2,52
178481,180739,MAR,maria21,pagar,spa,VERB,5,-1.0,7,0,109.4951923,paɡaɾ,5,52
178481,180739,MAR,maria21,inmediatamente,spa,ADV,14,-1.0,8,1,40.16826923,inmedjatamente,14,52
181713,182590,MAR,maria21,te,spa,PRON,2,-1.0,1,1,8240.192308,te,2,53
181713,182590,MAR,maria21,dan,spa,VERB,3,-1.0,2,0,165.0721154,dan,3,53
181713,182590,MAR,maria21,treinta,spa,NUM,7,-1.0,3,0,24.75961538,tɾeinta,7,53
182562,185331,MAR,maria21,exacto,spa,ADJ,6,-1.0,1,1,59.97596154,eksakto,7,54
182562,185331,MAR,maria21,treinta,spa,NUM,7,-1.0,2,0,24.75961538,tɾeinta,7,54
182562,185331,MAR,maria21,dias,spa,NOUN,4,-1.0,3,0,529.3269231,djas,4,54
182562,185331,MAR,maria21,a,spa,ADP,1,-1.0,4,0,23214.78365,a,1,54
182562,185331,MAR,maria21,a,spa,ADP,1,-1.0,6,0,23214.78365,a,1,54
182562,185331,MAR,maria21,cuando,spa,ADP,6,-1.0,7,0,2167.091346,kwando,6,54
182562,185331,MAR,maria21,es,spa,VERB,2,-1.0,8,0,16779.42308,es,2,54
182562,185331,MAR,maria21,due,eng,ADJ,3,3.21,9,0,44.60784314,du,2,54
182562,185331,MAR,maria21,o,spa,CONJ,1,-1.0,10,1,2009.014423,o,1,54
182562,185331,MAR,maria21,sea,spa,VERB,3,-1.0,11,0,910.1923077,sea,3,54
185843,187909,MAR,maria21,no,spa,INTJ,2,-1.0,1,1,30664.78365,no,2,55
185843,187909,MAR,maria21,no,spa,ADV,2,-1.0,2,1,30664.78365,no,2,55
185843,187909,MAR,maria21,hay,spa,AUX,3,-1.0,3,0,2372.5,ai,2,55
185843,187909,MAR,maria21,que,spa,SCONJ,3,-1.0,4,0,33771.92308,ke,2,55
185843,187909,MAR,maria21,pagar,spa,VERB,5,-1.0,5,0,109.4951923,paɡaɾ,5,55
185843,187909,MAR,maria21,lo,spa,PRON,2,-1.0,6,0,14864.56731,lo,2,55
185843,187909,MAR,maria21,instantaneamente,spa,ADV,16,-1.0,7,0,3.028846154,instantaneamente,16,55
185843,187909,MAR,maria21,y,spa,CONJ,1,-1.0,8,0,16547.47596,i,1,55
185843,187909,MAR,maria21,no,spa,INTJ,2,-1.0,9,1,30664.78365,no,2,55
189375,190019,MAR,maria21,exacto,spa,ADJ,6,-1.0,1,1,59.97596154,eksakto,7,56
206672,208715,MAR,maria21,exacto,spa,ADJ,6,-1.0,1,1,59.97596154,eksakto,7,57
206672,208715,MAR,maria21,exacto,spa,ADJ,6,-1.0,2,1,59.97596154,eksakto,7,57
206672,208715,MAR,maria21,exacto,spa,ADJ,6,-1.0,3,1,59.97596154,eksakto,7,57
211232,214709,MAR,maria21,eh,shared_other,INTJ,2,1.04,1,0,51.35294118,ɛ,1,58
211232,214709,MAR,maria21,bueno,spa,INTJ,5,-1.0,2,0,2456.995192,bweno,5,58
211232,214709,MAR,maria21,el,spa,PRON,2,-1.0,3,0,17044.63942,el,2,58
211232,214709,MAR,maria21,lo,spa,PRON,2,-1.0,4,0,14864.56731,lo,2,58
211232,214709,MAR,maria21,el,spa,PRON,2,-1.0,6,0,17044.63942,el,2,58
211232,214709,MAR,maria21,el,spa,PRON,2,-1.0,8,0,17044.63942,el,2,58
211232,214709,MAR,maria21,es,spa,VERB,2,-1.0,9,0,16779.42308,es,2,58
217504,219408,MAR,maria21,bueno,spa,INTJ,5,-1.0,1,0,2456.995192,bweno,5,59
217504,219408,MAR,maria21,el,spa,DET,2,-1.0,2,0,17044.63942,el,2,59
217504,219408,MAR,maria21,effective,eng,ADJ,9,2.04,3,1,10.50980392,ɪfɛktɪv,7,59
217504,219408,MAR,maria21,date,eng,NOUN,4,3.9,4,0,141.5294118,dejt,4,59
217504,219408,MAR,maria21,es,spa,VERB,2,-1.0,5,0,16779.42308,es,2,59
217504,219408,MAR,maria21,julio,shared_es,NOUN,5,-1.0,6,0,24.80769231,xuljo,5,59
219698,224528,MAR,maria21,mira,spa,VERB,4,-1.0,1,0,871.3942308,miɾa,4,60
219698,224528,MAR,maria21,aqui,spa,ADV,4,-1.0,2,0,3875.144231,aki,3,60
219698,224528,MAR,maria21,el,spa,DET,2,-1.0,3,0,17044.63942,el,2,60
219698,224528,MAR,maria21,effective,eng,ADJ,9,2.04,4,1,10.50980392,ɪfɛktɪv,7,60
219698,224528,MAR,maria21,date,eng,NOUN,4,3.9,5,0,141.5294118,dejt,4,60
219698,224528,MAR,maria21,de,spa,ADP,2,-1.0,6,0,32894.6875,de,2,60
219698,224528,MAR,maria21,tu,spa,DET,2,-1.0,7,0,4002.692308,tu,2,60
219698,224528,MAR,maria21,poliza,spa,NOUN,6,-1.0,8,0,4.471153846,polisa,6,60
219698,224528,MAR,maria21,es,spa,VERB,2,-1.0,9,0,16779.42308,es,2,60
219698,224528,MAR,maria21,julio,shared_es,NOUN,5,-1.0,10,0,24.80769231,xuljo,5,60
219698,224528,MAR,maria21,d+,spa,ADP,1,-1.0,11,0,3747.307692,de,2,60
219698,224528,MAR,maria21,el,spa,DET,2,-1.0,12,0,3747.307692,el,2,60
219698,224528,MAR,maria21,ochenta,spa,NUM,7,-1.0,13,0,5.961538462,ot͡ʃenta,8,60
219698,224528,MAR,maria21,y,spa,CONJ,1,-1.0,14,0,16547.47596,i,1,60
219698,224528,MAR,maria21,cinco,spa,NUM,5,-1.0,15,0,276.1057692,sinko,5,60
231857,232350,MAR,maria21,si,spa,INTJ,2,-1.0,1,0,5141.754808,si,2,61
231857,232350,MAR,maria21,si,spa,INTJ,2,-1.0,2,0,5141.754808,si,2,61
231857,232350,MAR,maria21,si,spa,INTJ,2,-1.0,3,0,5141.754808,si,2,61
232345,236594,MAR,maria21,pero,spa,CONJ,4,-1.0,1,0,5373.509615,peɾo,4,62
232345,236594,MAR,maria21,el,spa,DET,2,-1.0,2,0,17044.63942,el,2,62
232345,236594,MAR,maria21,el,spa,DET,2,-1.0,4,0,17044.63942,el,2,62
232345,236594,MAR,maria21,el,spa,DET,2,-1.0,6,0,17044.63942,el,2,62
232345,236594,MAR,maria21,los,spa,DET,3,-1.0,8,0,7082.019231,los,3,62
232345,236594,MAR,maria21,pagos,spa,NOUN,5,-1.0,9,0,5.697115385,paɡos,5,62
232345,236594,MAR,maria21,si,spa,SCONJ,2,-1.0,10,0,5141.754808,si,2,62
232345,236594,MAR,maria21,no,spa,ADV,2,-1.0,11,1,30664.78365,no,2,62
232345,236594,MAR,maria21,lo,spa,PRON,2,-1.0,12,0,14864.56731,lo,2,62
232345,236594,MAR,maria21,pagas,spa,VERB,5,-1.0,13,0,13.87019231,paɡas,5,62
232345,236594,MAR,maria21,inmediatamente,spa,ADV,14,-1.0,14,1,40.16826923,inmedjatamente,14,62
232345,236594,MAR,maria21,no,spa,ADV,2,-1.0,15,1,30664.78365,no,2,62
232345,236594,MAR,maria21,te,spa,PRON,2,-1.0,16,1,8240.192308,te,2,62
232345,236594,MAR,maria21,lo,spa,PRON,2,-1.0,17,0,14864.56731,lo,2,62
232345,236594,MAR,maria21,quitan,spa,VERB,6,-1.0,18,0,4.903846154,kitan,5,62
237403,239574,MAR,maria21,eh,shared_other,INTJ,2,1.04,1,0,51.35294118,ɛ,1,63
237403,239574,MAR,maria21,inmediatamente,spa,ADV,14,-1.0,2,1,40.16826923,inmedjatamente,14,63
239951,240937,MAR,maria21,lo,spa,PRON,2,-1.0,1,0,14864.56731,lo,2,64
239951,240937,MAR,maria21,acabo,spa,AUX,5,-1.0,2,0,139.2307692,akabo,5,64
239951,240937,MAR,maria21,de,spa,ADP,2,-1.0,3,0,32894.6875,de,2,64
239951,240937,MAR,maria21,leer,spa,VERB,4,-1.0,4,0,73.94230769,leeɾ,4,64
240903,241889,MAR,maria21,pero,spa,CONJ,4,-1.0,1,0,5373.509615,peɾo,4,65
240903,241889,MAR,maria21,no,spa,ADV,2,-1.0,2,1,30664.78365,no,2,65
240903,241889,MAR,maria21,se,spa,VERB,2,-1.0,3,0,7007.980769,se,2,65
240903,241889,MAR,maria21,donde,spa,ADV,5,-1.0,4,0,566.0336538,donde,5,65
240903,241889,MAR,maria21,lo,spa,PRON,2,-1.0,5,0,14864.56731,lo,2,65
240903,241889,MAR,maria21,lei,spa,VERB,3,-1.0,6,0,40.76923077,lei,3,65
241872,242946,MAR,maria21,no,spa,ADV,2,-1.0,1,1,30664.78365,no,2,66
241872,242946,MAR,maria21,se,spa,VERB,2,-1.0,2,0,7007.980769,se,2,66
241872,242946,MAR,maria21,donde,spa,ADV,5,-1.0,3,0,566.0336538,donde,5,66
241872,242946,MAR,maria21,lo,spa,PRON,2,-1.0,4,0,14864.56731,lo,2,66
241872,242946,MAR,maria21,lei,spa,VERB,3,-1.0,5,0,40.76923077,lei,3,66
247574,248364,MAR,maria21,uhhuh,eng,INTJ,5,-1.0,1,0,-1.0,uhu,3,67
248265,250616,MAR,maria21,uhhuh,eng,INTJ,5,-1.0,1,0,-1.0,uhu,3,68
248265,250616,MAR,maria21,me,spa,PRON,2,-1.0,2,0,9838.629808,me,2,68
248265,250616,MAR,maria21,dice,spa,VERB,4,-1.0,3,0,572.6201923,dise,4,68
248265,250616,MAR,maria21,bueno,spa,INTJ,5,-1.0,5,0,2456.995192,bweno,5,68
248265,250616,MAR,maria21,esta,spa,VERB,4,-1.0,6,0,2200.192308,esta,4,68
248265,250616,MAR,maria21,tan,spa,ADV,3,-1.0,7,0,1315.120192,tan,3,68
248265,250616,MAR,maria21,cerca,spa,ADV,5,-1.0,8,0,256.3461538,seɾka,5,68
248265,250616,MAR,maria21,de,spa,ADP,2,-1.0,9,0,32894.6875,de,2,68
248265,250616,MAR,maria21,cien,spa,NUM,4,-1.0,10,0,38.36538462,sien,4,68
248265,250616,MAR,maria21,mil,spa,NUM,3,-1.0,11,0,132.2115385,mil,3,68
250593,253019,MAR,maria21,me,spa,PRON,2,-1.0,1,0,9838.629808,me,2,69
250593,253019,MAR,maria21,dice,spa,VERB,4,-1.0,2,0,572.6201923,dise,4,69
250593,253019,MAR,maria21,tal,spa,DET,3,-1.0,4,0,833.6298077,tal,3,69
250593,253019,MAR,maria21,vez,spa,NOUN,3,-1.0,5,0,1821.201923,bes,3,69
250593,253019,MAR,maria21,alguien,spa,PRON,7,-1.0,6,0,1142.451923,alɡien,6,69
250593,253019,MAR,maria21,quiera,spa,VERB,6,-1.0,7,0,117.8605769,kjeɾa,5,69
250593,253019,MAR,maria21,comprar,spa,VERB,7,-1.0,8,0,112.8365385,kompɾaɾ,7,69
250593,253019,MAR,maria21,lo,spa,PRON,2,-1.0,9,0,14864.56731,lo,2,69
253089,255748,MAR,maria21,le,spa,PRON,2,-1.0,1,0,3339.038462,le,2,70
253089,255748,MAR,maria21,hacen,spa,VERB,5,-1.0,2,0,213.1730769,asen,4,70
253089,255748,MAR,maria21,a,spa,ADP,1,-1.0,3,0,23214.78365,a,1,70
253089,255748,MAR,maria21,tu,spa,DET,2,-1.0,4,0,4002.692308,tu,2,70
253089,255748,MAR,maria21,papa,shared_es,NOUN,4,5.4,5,0,27.5,papa,4,70
253089,255748,MAR,maria21,un,spa,DET,2,-1.0,6,0,13081.08173,un,2,70
253089,255748,MAR,maria21,life,eng,NOUN,4,2.69,7,0,796.6470588,lajf,4,70
253089,255748,MAR,maria21,expectancy,eng,NOUN,10,1.85,8,0,0.62745098,ɪkspɛktənsi,11,70
253089,255748,MAR,maria21,report,eng,NOUN,6,3.92,9,1,108.0,ɹipɔɹt,6,70
256303,261168,MAR,maria21,a,spa,ADP,1,-1.0,1,0,23214.78365,a,1,71
256303,261168,MAR,maria21,ver,spa,VERB,3,-1.0,2,0,1097.572115,beɾ,3,71
256303,261168,MAR,maria21,si,spa,SCONJ,2,-1.0,3,0,5141.754808,si,2,71
256303,261168,MAR,maria21,basado,spa,VERB,6,-1.0,4,0,10.57692308,basado,6,71
256303,261168,MAR,maria21,en,spa,ADP,2,-1.0,5,1,15578.00481,en,2,71
256303,261168,MAR,maria21,la,spa,DET,2,-1.0,6,0,21060.21635,la,2,71
256303,261168,MAR,maria21,gente,spa,NOUN,5,3.1,7,0,905.2644231,xente,5,71
256303,261168,MAR,maria21,de,spa,ADP,2,-1.0,8,0,32894.6875,de,2,71
256303,261168,MAR,maria21,la,spa,DET,2,-1.0,9,0,21060.21635,la,2,71
256303,261168,MAR,maria21,edad,spa,NOUN,4,-1.0,10,0,113.1730769,edad,4,71
256303,261168,MAR,maria21,d+,spa,ADP,1,-1.0,11,0,3747.307692,de,2,71
256303,261168,MAR,maria21,el,spa,PRON,2,-1.0,12,0,3747.307692,el,2,71
256303,261168,MAR,maria21,cuanta,spa,DET,6,-1.0,13,0,3.461538462,kwanta,6,71
256303,261168,MAR,maria21,si,spa,SCONJ,2,-1.0,14,0,5141.754808,si,2,71
256303,261168,MAR,maria21,se,spa,PRON,2,-1.0,15,0,7007.980769,se,2,71
256303,261168,MAR,maria21,mueren,spa,VERB,6,-1.0,16,0,19.87980769,mweɾen,6,71
256303,261168,MAR,maria21,etc,spa,ADV,3,-1.0,17,0,4.591346154,etk,3,71
256303,261168,MAR,maria21,etc,spa,ADV,3,-1.0,18,0,4.591346154,etk,3,71
256303,261168,MAR,maria21,etc,spa,ADV,3,-1.0,19,0,4.591346154,etk,3,71
261259,264138,MAR,maria21,le,spa,PRON,2,-1.0,1,0,3339.038462,le,2,72
261259,264138,MAR,maria21,digo,spa,VERB,4,-1.0,2,0,411.9711538,diɡo,4,72
261259,264138,MAR,maria21,bueno,spa,INTJ,5,-1.0,3,0,2456.995192,bweno,5,72
261259,264138,MAR,maria21,pero,spa,CONJ,4,-1.0,4,0,5373.509615,peɾo,4,72
261259,264138,MAR,maria21,eso,spa,PRON,3,-1.0,5,0,5017.596154,eso,3,72
261259,264138,MAR,maria21,es,spa,VERB,2,-1.0,6,0,16779.42308,es,2,72
261259,264138,MAR,maria21,lo,spa,DET,2,-1.0,7,0,14864.56731,lo,2,72
261259,264138,MAR,maria21,mismo,spa,ADJ,5,-1.0,8,0,746.7548077,mismo,5,72
261259,264138,MAR,maria21,d+,spa,ADP,1,-1.0,9,0,3747.307692,de,2,72
261259,264138,MAR,maria21,el,spa,DET,2,-1.0,10,0,3747.307692,el,2,72
261259,264138,MAR,maria21,d+,spa,ADP,1,-1.0,11,0,3747.307692,de,2,72
261259,264138,MAR,maria21,el,spa,DET,2,-1.0,12,0,3747.307692,el,2,72
261259,264138,MAR,maria21,viatico,spa,NOUN,7,-1.0,13,0,-1.0,bjatiko,7,72
264061,269027,MAR,maria21,me,spa,PRON,2,-1.0,1,0,9838.629808,me,2,73
264061,269027,MAR,maria21,dice,spa,VERB,4,-1.0,2,0,572.6201923,dise,4,73
264061,269027,MAR,maria21,no,spa,INTJ,2,-1.0,4,1,30664.78365,no,2,73
264061,269027,MAR,maria21,eso,spa,PRON,3,-1.0,5,0,5017.596154,eso,3,73
264061,269027,MAR,maria21,es,spa,VERB,2,-1.0,6,0,16779.42308,es,2,73
264061,269027,MAR,maria21,si,spa,SCONJ,2,-1.0,7,0,5141.754808,si,2,73
264061,269027,MAR,maria21,a,spa,ADP,1,-1.0,8,0,23214.78365,a,1,73
264061,269027,MAR,maria21,la,spa,DET,2,-1.0,9,0,21060.21635,la,2,73
264061,269027,MAR,maria21,persona,spa,NOUN,7,-1.0,10,1,303.2932692,peɾsona,7,73
264061,269027,MAR,maria21,le,spa,PRON,2,-1.0,11,0,3339.038462,le,2,73
264061,269027,MAR,maria21,han,spa,AUX,3,-1.0,12,0,508.4615385,an,2,73
264061,269027,MAR,maria21,dado,spa,VERB,4,-1.0,13,0,113.1490385,dado,4,73
264061,269027,MAR,maria21,dos,spa,NUM,3,-1.0,14,0,1312.644231,dos,3,73
264061,269027,MAR,maria21,dos,spa,NUM,3,-1.0,17,0,1312.644231,dos,3,73
264061,269027,MAR,maria21,anos,spa,NOUN,4,-1.0,18,0,1.322115385,anos,4,73
264061,269027,MAR,maria21,de,spa,ADP,2,-1.0,19,0,32894.6875,de,2,73
264061,269027,MAR,maria21,vida,spa,NOUN,4,-1.0,20,0,1104.375,bida,4,73
264061,269027,MAR,maria21,o,spa,CONJ,1,-1.0,21,1,2009.014423,o,1,73
264061,269027,MAR,maria21,menos,spa,ADJ,5,-1.0,22,1,609.2548077,menos,5,73
269099,271647,MAR,maria21,me,spa,PRON,2,-1.0,1,0,9838.629808,me,2,74
269099,271647,MAR,maria21,dice,spa,VERB,4,-1.0,2,0,572.6201923,dise,4,74
269099,271647,MAR,maria21,no,spa,ADV,2,-1.0,4,1,30664.78365,no,2,74
269099,271647,MAR,maria21,es,spa,VERB,2,-1.0,5,0,16779.42308,es,2,74
269099,271647,MAR,maria21,lo,spa,DET,2,-1.0,6,0,14864.56731,lo,2,74
269099,271647,MAR,maria21,mismo,spa,ADJ,5,-1.0,7,0,746.7548077,mismo,5,74
269099,271647,MAR,maria21,que,spa,SCONJ,3,-1.0,8,0,33771.92308,ke,2,74
269099,271647,MAR,maria21,lo,spa,DET,2,-1.0,9,0,14864.56731,lo,2,74
269099,271647,MAR,maria21,que,spa,PRON,3,-1.0,10,0,33771.92308,ke,2,74
269099,271647,MAR,maria21,seria,spa,VERB,5,-1.0,11,0,22.78846154,seɾja,5,74
269099,271647,MAR,maria21,para,spa,ADP,4,-1.0,12,0,6524.206731,paɾa,4,74
269099,271647,MAR,maria21,tu,spa,DET,2,-1.0,13,0,4002.692308,tu,2,74
269099,271647,MAR,maria21,papa,shared_es,NOUN,4,5.4,14,0,27.5,papa,4,74
271653,276673,MAR,maria21,y,spa,CONJ,1,-1.0,1,0,16547.47596,i,1,75
271653,276673,MAR,maria21,yo,spa,PRON,2,-1.0,2,0,4513.533654,io,2,75
271653,276673,MAR,maria21,eh,shared_other,INTJ,2,1.04,4,0,51.35294118,ɛ,1,75
271653,276673,MAR,maria21,bueno,spa,INTJ,5,-1.0,5,0,2456.995192,bweno,5,75
271653,276673,MAR,maria21,ok,shared_other,INTJ,2,2.11,6,0,508.3921569,owkej,5,75
271653,276673,MAR,maria21,si,spa,INTJ,2,-1.0,7,0,5141.754808,si,2,75
271653,276673,MAR,maria21,yo,spa,PRON,2,-1.0,8,0,4513.533654,io,2,75
271653,276673,MAR,maria21,lo,spa,PRON,2,-1.0,9,0,14864.56731,lo,2,75
271653,276673,MAR,maria21,busco,spa,VERB,5,-1.0,10,0,41.82692308,busko,5,75
271653,276673,MAR,maria21,si,spa,INTJ,2,-1.0,11,0,5141.754808,si,2,75
281893,284163,MAR,maria21,nueve,spa,NUM,5,-1.0,1,0,65.09615385,nwebe,5,76
281893,284163,MAR,maria21,y,spa,CONJ,1,-1.0,2,0,16547.47596,i,1,76
281893,284163,MAR,maria21,media,spa,NOUN,5,3.95,3,0,91.94711538,medja,5,76
281893,284163,MAR,maria21,para,spa,ADP,4,-1.0,4,0,6524.206731,paɾa,4,76
281893,284163,MAR,maria21,llegar,spa,VERB,6,-1.0,5,0,244.2548077,ʝeɡaɾ,5,76
281893,284163,MAR,maria21,a,spa,ADP,1,-1.0,6,0,23214.78365,a,1,76
281893,284163,MAR,maria21,las,spa,DET,3,-1.0,7,0,4633.389423,las,3,76
281893,284163,MAR,maria21,once,spa,NUM,4,-1.0,8,0,17.5,onse,4,76
284349,285231,MAR,maria21,eso,spa,PRON,3,-1.0,1,0,5017.596154,eso,3,77
284349,285231,MAR,maria21,toma,spa,VERB,4,-1.0,2,0,277.8846154,toma,4,77
285452,286926,MAR,maria21,estas,spa,VERB,5,-1.0,2,0,372.4278846,estas,5,78
285452,286926,MAR,maria21,a,spa,ADP,1,-1.0,3,0,23214.78365,a,1,78
285452,286926,MAR,maria21,las,spa,DET,3,-1.0,4,0,4633.389423,las,3,78
285452,286926,MAR,maria21,once,spa,NUM,4,-1.0,5,0,17.5,onse,4,78
288043,288426,MAR,maria21,no,spa,INTJ,2,-1.0,1,1,30664.78365,no,2,79
288043,288426,MAR,maria21,no,spa,INTJ,2,-1.0,2,1,30664.78365,no,2,79
288043,288426,MAR,maria21,no,spa,INTJ,2,-1.0,3,1,30664.78365,no,2,79
288403,289210,MAR,maria21,es,spa,VERB,2,-1.0,1,0,16779.42308,es,2,80
288403,289210,MAR,maria21,a,spa,ADP,1,-1.0,2,0,23214.78365,a,1,80
288403,289210,MAR,maria21,las,spa,DET,3,-1.0,3,0,4633.389423,las,3,80
288403,289210,MAR,maria21,once,spa,NUM,4,-1.0,4,0,17.5,onse,4,80
294165,294786,MAR,maria21,uhhuh,eng,INTJ,5,-1.0,1,0,-1.0,uhu,3,81
301557,302120,MAR,maria21,uhhuh,eng,INTJ,5,-1.0,1,0,-1.0,uhu,3,82
303561,304089,MAR,maria21,uhhuh,eng,INTJ,5,-1.0,1,0,-1.0,uhu,3,83
304490,305041,MAR,maria21,ok,shared_other,INTJ,2,2.11,1,0,508.3921569,owkej,5,84
308222,310486,MAR,maria21,oh,shared_other,INTJ,2,-1.0,1,0,356.3461538,o,1,85
308222,310486,MAR,maria21,no,spa,INTJ,2,-1.0,2,1,30664.78365,no,2,85
308222,310486,MAR,maria21,no,spa,ADV,2,-1.0,4,1,30664.78365,no,2,85
308222,310486,MAR,maria21,nos,spa,PRON,3,-1.0,5,0,2137.956731,nos,3,85
308222,310486,MAR,maria21,ilusionemos,spa,VERB,11,-1.0,6,0,-1.0,ilusjonemos,11,85
310840,313243,MAR,maria21,tu,spa,PRON,2,-1.0,1,0,4002.692308,tu,2,86
310840,313243,MAR,maria21,todavia,spa,ADV,7,-1.0,2,0,354.0144231,todabja,7,86
310840,313243,MAR,maria21,tienes,spa,AUX,6,-1.0,3,0,1730.793269,tjenes,6,86
310840,313243,MAR,maria21,que,spa,SCONJ,3,-1.0,4,0,33771.92308,ke,2,86
310840,313243,MAR,maria21,encontrar,spa,VERB,9,-1.0,5,0,226.2019231,enkontɾaɾ,9,86
310840,313243,MAR,maria21,todavia,spa,ADV,7,-1.0,6,0,354.0144231,todabja,7,86
310840,313243,MAR,maria21,alguien,spa,PRON,7,-1.0,7,0,1142.451923,alɡien,6,86
310840,313243,MAR,maria21,que,spa,PRON,3,-1.0,8,0,33771.92308,ke,2,86
310840,313243,MAR,maria21,lo,spa,PRON,2,-1.0,9,0,14864.56731,lo,2,86
310840,313243,MAR,maria21,quiera,spa,VERB,6,-1.0,10,0,117.8605769,kjeɾa,5,86
310840,313243,MAR,maria21,comprar,spa,VERB,7,-1.0,11,0,112.8365385,kompɾaɾ,7,86
313838,316334,MAR,maria21,bueno,spa,INTJ,5,-1.0,1,0,2456.995192,bweno,5,87
313838,316334,MAR,maria21,pero,spa,CONJ,4,-1.0,2,0,5373.509615,peɾo,4,87
313838,316334,MAR,maria21,por,spa,ADP,3,-1.0,3,1,10498.96635,poɾ,3,87
313838,316334,MAR,maria21,lo,spa,DET,2,-1.0,4,0,14864.56731,lo,2,87
313838,316334,MAR,maria21,bueno,spa,INTJ,5,-1.0,5,0,2456.995192,bweno,5,87
313838,316334,MAR,maria21,el,spa,DET,2,-1.0,6,0,17044.63942,el,2,87
313838,316334,MAR,maria21,dice,spa,VERB,4,-1.0,8,0,572.6201923,dise,4,87
313838,316334,MAR,maria21,no,spa,ADV,2,-1.0,10,1,30664.78365,no,2,87
313838,316334,MAR,maria21,te,spa,PRON,2,-1.0,11,1,8240.192308,te,2,87
313838,316334,MAR,maria21,cuesta,spa,VERB,6,-1.0,12,0,48.94230769,kwesta,6,87
313838,316334,MAR,maria21,nada,spa,PRON,4,-1.0,13,0,2096.658654,nada,4,87
316317,317913,MAR,maria21,pues,spa,SCONJ,4,-1.0,1,0,339.6634615,pwes,4,88
316317,317913,MAR,maria21,y,spa,CONJ,1,-1.0,2,0,16547.47596,i,1,88
316317,317913,MAR,maria21,si,spa,SCONJ,2,-1.0,3,0,5141.754808,si,2,88
316317,317913,MAR,maria21,alguien,spa,PRON,7,-1.0,4,0,1142.451923,alɡien,6,88
316317,317913,MAR,maria21,esta,spa,VERB,4,-1.0,5,0,2200.192308,esta,4,88
316317,317913,MAR,maria21,interesado,spa,ADJ,10,-1.0,6,1,28.77403846,inteɾesado,10,88
318139,319283,MAR,maria21,ellos,spa,PRON,5,-1.0,1,0,670.9615385,eʝos,4,89
318139,319283,MAR,maria21,son,spa,VERB,3,-1.0,2,0,1641.514423,son,3,89
318139,319283,MAR,maria21,brokers,eng,NOUN,7,-1.0,3,0,1.098039216,bɹowkɹ̩z,8,89
319428,320224,MAR,maria21,eso,spa,PRON,3,-1.0,1,0,5017.596154,eso,3,90
319428,320224,MAR,maria21,es,spa,VERB,2,-1.0,2,0,16779.42308,es,2,90
319428,320224,MAR,maria21,lo,spa,PRON,2,-1.0,3,0,14864.56731,lo,2,90
319428,320224,MAR,maria21,que,spa,PRON,3,-1.0,4,0,33771.92308,ke,2,90
319428,320224,MAR,maria21,hacen,spa,VERB,5,-1.0,5,0,213.1730769,asen,4,90
319428,320224,MAR,maria21,ellos,spa,PRON,5,-1.0,6,0,670.9615385,eʝos,4,90
320189,320967,MAR,maria21,ellos,spa,PRON,5,-1.0,1,0,670.9615385,eʝos,4,91
320189,320967,MAR,maria21,no,spa,ADV,2,-1.0,2,1,30664.78365,no,2,91
320189,320967,MAR,maria21,son,spa,VERB,3,-1.0,3,0,1641.514423,son,3,91
321681,322859,MAR,maria21,si,spa,INTJ,2,-1.0,1,0,5141.754808,si,2,92
322944,323385,MAR,maria21,exacto,spa,ADJ,6,-1.0,1,1,59.97596154,eksakto,7,93
323333,325551,MAR,maria21,yo,spa,PRON,2,-1.0,2,0,4513.533654,io,2,94
323333,325551,MAR,maria21,se,spa,VERB,2,-1.0,3,0,7007.980769,se,2,94
323333,325551,MAR,maria21,que,spa,SCONJ,3,-1.0,4,0,33771.92308,ke,2,94
323333,325551,MAR,maria21,ellos,spa,PRON,5,-1.0,5,0,670.9615385,eʝos,4,94
323333,325551,MAR,maria21,venden,spa,VERB,6,-1.0,6,0,12.64423077,benden,6,94
323333,325551,MAR,maria21,polizas,spa,NOUN,7,-1.0,7,0,0.697115385,polisas,7,94
323333,325551,MAR,maria21,de,spa,ADP,2,-1.0,8,0,32894.6875,de,2,94
323333,325551,MAR,maria21,seguro,spa,NOUN,6,-1.0,9,1,670.8894231,seɡwɾo,6,94
323333,325551,MAR,maria21,tambien,spa,ADV,7,-1.0,10,0,1093.293269,tambjen,7,94
325609,328871,MAR,maria21,pero,spa,CONJ,4,-1.0,1,0,5373.509615,peɾo,4,95
325609,328871,MAR,maria21,eh,shared_other,INTJ,2,1.04,2,0,51.35294118,ɛ,1,95
325609,328871,MAR,maria21,ahora,spa,ADV,5,-1.0,3,0,2331.370192,aoɾa,4,95
325609,328871,MAR,maria21,estan,spa,VERB,5,-1.0,4,0,1226.5625,estan,5,95
325609,328871,MAR,maria21,se,spa,PRON,2,-1.0,6,0,7007.980769,se,2,95
325609,328871,MAR,maria21,estan,spa,AUX,5,-1.0,7,0,1226.5625,estan,5,95
325609,328871,MAR,maria21,metiendo,spa,VERB,8,-1.0,8,0,9.855769231,metjendo,8,95
325609,328871,MAR,maria21,en,spa,ADP,2,-1.0,9,1,15578.00481,en,2,95
325609,328871,MAR,maria21,en,spa,ADP,2,-1.0,10,1,15578.00481,en,2,95
325609,328871,MAR,maria21,tambien,spa,ADV,7,-1.0,12,0,1093.293269,tambjen,7,95
332142,333193,MAR,maria21,no,spa,ADV,2,-1.0,1,1,30664.78365,no,2,96
332142,333193,MAR,maria21,le,spa,PRON,2,-1.0,2,0,3339.038462,le,2,96
332142,333193,MAR,maria21,puedo,spa,AUX,5,-1.0,3,0,2024.0625,pwedo,5,96
332142,333193,MAR,maria21,decir,spa,VERB,5,-1.0,4,0,1050.024038,desiɾ,5,96
332142,333193,MAR,maria21,que,spa,SCONJ,3,-1.0,5,0,33771.92308,ke,2,96
332142,333193,MAR,maria21,no,spa,INTJ,2,-1.0,6,1,30664.78365,no,2,96
